,Unnamed: 0,msno,city,bd,gender,registered_via,is_churn,is_back,payment_plan_sum,plan_list_price,actual_amount_paid,discount_rate,is_auto_renew,is_cancel,transaction_count,num_25,num_50,num_75,num_985,num_100,num_unq,total_secs,registration_init_time_year,registration_init_time_month,registration_init_time_day,membership_expire_date_year,membership_expire_date_month,membership_expire_date_day,log_end_year,log_end_month,log_end_day,log_start_year,log_start_month,log_start_day,gender_encoded
961,1097,2440873,13,109.0,male,7,0,0,840,3272,3331,0.0215723873441994,1.0,0.0344827586206896,29,5135,1243,677,681,14959,18921,3908725.73,2010,5,5,2017,4,20,2017,3,31,2015,1,1,1
1835,2122,5335648,13,117.0,male,9,0,0,510,2533,3427,0.0,1.0,0.0,23,3671,355,254,278,6401,9557,1789048.532,2009,4,30,2017,4,30,2017,3,30,2015,1,1,1
2597,2939,3459848,6,105.0,male,9,1,0,785,3612,3612,0.0,0.0,0.0,4,3242,1827,567,408,6229,10662,1960639.018,2014,5,15,2017,3,25,2017,3,19,2015,1,2,1
5276,5877,594798,10,1.0,female,7,0,0,270,1241,1241,0.0,1.0,0.1111111111111111,9,1788,967,287,275,18893,19392,4676906.407,2016,9,24,2017,4,27,2017,3,31,2016,9,24,0
7234,8041,3758581,18,106.0,female,9,0,0,510,2533,3427,0.0,1.0,0.0,23,5320,643,491,489,9268,14667,2526069.9710000004,2007,1,2,2017,4,30,2017,3,31,2015,2,16,0
10205,11498,3032983,5,117.0,male,9,0,0,603,2980,3129,0.0,1.0,0.0,21,2136,442,322,377,8740,9541,2508803.5450000004,2006,7,28,2017,5,14,2017,3,30,2015,1,2,1
12864,14466,74809,15,5.0,female,3,0,0,690,3427,3576,0.0,0.0,0.0,24,10185,2935,1801,1928,20604,22797,6176177.953000001,2013,9,22,2017,4,19,2017,3,31,2015,4,6,0
13259,14927,3658292,15,220.0,female,7,0,0,780,3354,3483,0.0,1.0,0.0,27,697,221,171,270,7157,6940,1912669.2269999995,2010,11,4,2017,4,4,2017,3,31,2015,1,2,0
14215,16007,4120381,12,106.0,male,9,0,0,814,4116,4265,0.0,1.0,0.0357142857142857,28,927,188,117,111,11549,10924,2983635.2360000005,2010,9,30,2017,4,9,2017,3,31,2015,1,1,1
15335,17282,2791547,19,117.0,male,9,0,0,510,2533,3427,0.0,1.0,0.0,23,1035,215,102,76,2221,1912,718661.902,2005,5,1,2017,5,27,2017,3,27,2015,1,5,1
16267,18374,992188,9,105.0,male,7,0,0,450,1485,1485,0.0,1.0,0.0,15,778,237,134,103,1907,2604,517188.7639999999,2013,7,23,2017,4,20,2017,3,30,2016,1,22,1
16968,19187,3553380,4,106.0,male,3,0,0,603,2980,3129,0.0,1.0,0.0,21,928,387,356,750,14272,13750,3830136.974,2012,6,6,2017,5,6,2017,3,25,2015,1,2,1
21615,24465,4678500,1,102.0,male,3,0,0,300,1647,1647,0.0,0.5,0.1,10,2246,712,414,461,23072,16885,5821683.978,2015,11,21,2017,4,15,2017,3,31,2016,2,23,1
24239,27485,531906,6,4.0,female,7,0,0,300,1290,1290,0.0,1.0,0.0,10,1956,396,451,216,4008,6036,1123890.5279999997,2011,6,16,2017,4,12,2017,3,29,2016,6,13,0
24624,27928,4609770,15,102.0,male,4,0,0,240,1103,1103,0.0,0.0,0.0,3,1520,307,265,268,4758,3466,1248294.1460000004,2016,7,17,2017,6,9,2017,3,31,2016,7,18,1
28202,31968,3955869,5,103.0,female,7,0,0,270,891,891,0.0,1.0,0.0,9,779,204,134,185,3532,3956,929075.712,2016,7,16,2017,4,15,2017,3,30,2016,7,16,0
28660,32516,5463850,13,1.0,male,7,0,0,420,1386,1386,0.0,1.0,0.0,14,781,151,102,121,2471,3333,682192.4889999998,2016,2,15,2017,4,15,2017,3,29,2016,3,11,1
29453,33413,604319,15,106.0,female,3,1,0,739,3827,3827,0.0526315789473684,0.4,0.1,20,1756,500,221,131,2048,3744,594933.5899999999,2013,1,22,2017,4,28,2017,3,31,2015,1,6,0
30440,34557,5861904,13,105.0,male,9,0,0,510,2533,3427,0.0,1.0,0.0,23,242,65,32,30,539,884,151625.184,2006,8,28,2017,4,30,2016,3,29,2015,8,11,1
30879,35082,683005,5,117.0,female,7,0,0,600,2980,3428,0.0,0.9565217391304348,0.0434782608695652,23,1247,378,231,334,6616,6538,1828267.351,2011,1,6,2017,5,12,2017,3,22,2015,1,1,0
31032,35263,2739464,15,1037.0,female,7,0,0,810,3823,3972,0.0,1.0,0.0357142857142857,28,5572,297,180,282,5556,9288,1442290.2119999996,2010,12,14,2017,4,6,2017,3,30,2015,1,1,0
31390,35650,4234379,13,106.0,female,7,0,0,60,200,200,0.0,1.0,0.0,2,10,1,4,0,11,14,3651.096,2017,2,9,2017,4,9,2017,2,12,2017,2,10,0
35904,40733,5715117,15,137.0,female,3,1,0,667,3278,3427,0.0,0.0,0.0,24,2183,443,233,198,6374,8505,1622655.502,2013,9,6,2017,3,8,2017,3,6,2015,1,2,0
38695,43933,3073769,12,3.0,female,7,0,0,1230,5599,5329,0.0441970862661646,1.0,0.048780487804878,41,3655,1294,641,658,21022,15128,5441366.116,2013,12,15,2017,4,14,2017,3,31,2015,1,3,0
39961,45370,4387171,22,1032.0,male,7,0,0,870,4021,4021,0.0,1.0,0.0344827586206896,29,1508,557,317,256,4780,5780,1320097.5300000005,2011,6,15,2017,5,2,2017,3,31,2015,1,1,1
43828,49787,5985721,1,111.0,male,4,1,0,90,540,540,0.0,0.0,0.0,3,103,40,23,20,558,443,144503.83899999995,2016,7,13,2017,2,8,2017,2,15,2016,7,13,1
49854,56707,4151703,5,105.0,male,9,0,0,390,1817,1668,0.0769230769230769,1.0,0.1538461538461538,13,1406,491,324,332,5332,5105,1431255.716,2007,7,15,2017,4,2,2017,3,31,2015,12,24,1
50707,57667,2081986,5,107.0,male,9,0,0,600,2980,2980,0.0,0.0,0.0,20,5423,1293,842,882,21887,20669,6136226.791000003,2014,10,29,2017,4,2,2017,3,31,2015,1,1,1
51422,58504,3369809,13,109.0,female,9,0,0,370,1788,1788,0.0,0.0,0.0,13,773,438,227,293,2732,3826,830597.841,2007,7,18,2017,4,15,2017,3,31,2015,9,20,0
52058,59251,1224800,6,117.0,male,9,0,0,217,1229,1229,0.0,0.125,0.125,8,690,213,198,221,6682,6647,1736068.768,2007,6,27,2017,4,4,2017,3,30,2015,1,1,1
52109,59309,6329430,15,116.0,female,9,0,0,752,4039,4188,0.0,0.0769230769230769,0.0384615384615384,26,2413,1084,620,670,19655,19347,5140768.892000001,2007,6,3,2017,4,18,2017,3,31,2015,1,1,0
56574,64401,5941332,21,10.0,male,9,0,0,157,900,900,0.0,0.6666666666666666,0.0,6,167,25,22,16,475,659,128480.55199999998,2008,1,17,2017,4,27,2017,3,29,2016,10,31,1
58902,67092,2621322,15,946.0,male,3,0,0,784,4217,4217,0.0,0.9230769230769232,0.0384615384615384,26,4661,965,410,333,7997,12893,2254828.026000001,2014,1,14,2017,4,6,2017,3,31,2015,1,3,1
60274,68712,883035,6,8.0,female,9,0,0,510,2533,3427,0.0,1.0,0.0,23,2156,641,439,463,28599,22956,7078032.345,2007,3,12,2017,4,30,2017,3,31,2015,1,5,0
61226,69806,1091290,22,106.0,female,3,0,0,300,1490,1490,0.0,1.0,0.0,10,594,226,202,187,5928,5122,1501136.1450000005,2013,9,13,2017,5,6,2017,3,27,2016,6,7,0
61880,70554,2683773,5,106.0,female,9,0,0,783,3874,3874,0.0384615384615384,0.9629629629629628,0.0,27,6217,1288,791,834,14740,18119,4151334.8810000014,2008,7,13,2017,4,4,2017,3,31,2015,1,1,0
64124,73123,5854879,1,111.0,male,4,0,0,45,180,180,0.0,0.0,0.0,1,1006,144,62,41,1171,1885,306933.98399999994,2017,1,17,2017,3,22,2017,3,23,2017,1,17,1
65476,74665,5923161,9,115.0,male,3,0,0,603,2980,3129,0.0,1.0,0.0,21,3562,618,345,357,16340,16558,4306454.112000001,2013,2,10,2017,5,26,2017,3,31,2015,1,1,1
67505,76985,6066400,18,106.0,male,9,0,0,603,2980,3129,0.0,1.0,0.0,21,1619,825,460,548,14084,14082,3785368.0579999993,2007,6,20,2017,5,9,2017,3,31,2015,1,1,1
68572,78250,2391982,4,106.0,male,9,0,0,603,2980,3129,0.0,1.0,0.0,21,1666,482,304,510,21469,18266,5476063.169000001,2004,12,25,2017,5,27,2017,3,27,2015,1,1,1
71635,81708,746655,15,1.0,male,7,0,0,450,1585,1287,0.1333333333333333,1.0,0.0666666666666666,15,200,57,32,31,1823,2047,488766.3329999999,2016,3,22,2017,4,21,2017,2,25,2016,3,25,1
72422,82597,6133228,1,102.0,female,7,0,0,270,891,891,0.0,1.0,0.0,9,616,170,174,153,6294,3616,1526208.985,2016,7,11,2017,4,11,2017,3,31,2016,7,12,0
75427,86073,1299507,22,117.0,male,3,1,0,30,149,149,0.0,0.0,0.0,1,190,17,15,28,622,511,173158.11599999998,2013,9,7,2017,2,7,2017,2,8,2017,1,8,1
75513,86175,4164459,13,6.0,male,3,0,0,240,1285,1285,0.0,0.625,0.25,8,2244,300,221,270,4205,6127,1220557.934,2012,12,28,2017,4,1,2017,3,31,2016,1,24,1
76742,87577,6349671,11,104.0,male,9,0,0,210,1260,1260,0.0,0.4285714285714285,0.0,7,10992,1974,1083,712,12979,17128,3691761.11,2009,3,24,2017,4,24,2017,3,31,2016,9,18,1
76890,87764,227394,22,936.0,male,9,0,0,90,540,540,0.0,1.0,0.0,3,77,53,30,20,901,757,227340.237,2012,2,4,2017,4,7,2017,3,30,2017,1,7,1
77090,87992,5425510,8,110.0,male,3,1,0,330,1639,1639,0.0,1.0,0.0909090909090909,11,666,343,125,54,2453,2542,665181.7359999999,2015,11,13,2017,3,29,2017,2,3,2015,11,13,1
77791,88808,988219,4,1043.0,female,9,0,0,540,2682,2533,0.0555555555555555,1.0,0.0555555555555555,18,473,128,69,78,7148,6379,1739011.4989999998,2015,5,29,2017,4,10,2017,3,29,2015,5,29,0
78445,89555,1948509,11,104.0,male,9,0,0,667,3278,3278,0.0,0.391304347826087,0.0,23,5088,906,624,622,18076,18356,4716271.489999999,2007,7,23,2017,5,27,2017,3,31,2015,6,2,1
79017,90195,2940442,13,7.0,female,3,0,0,603,2980,3129,0.0,1.0,0.0,21,2292,970,559,480,24851,22241,5854105.249,2013,2,5,2017,5,17,2017,3,30,2015,1,9,0
80004,91319,4875808,4,1.0,male,7,0,0,240,792,792,0.0,1.0,0.0,8,428,154,80,74,6153,2676,1507603.0159999994,2016,8,13,2017,4,12,2017,3,31,2016,9,14,1
80198,91523,4318725,13,951.0,male,9,0,0,390,1937,1937,0.0,1.0,0.0,13,1316,397,210,172,1791,2834,550231.8069999999,2015,9,28,2017,5,6,2017,3,31,2015,9,28,1
84104,95939,80312,5,126.0,male,9,0,0,300,1490,1490,0.0,1.0,0.0,10,255,122,35,35,631,793,163929.52400000003,2016,7,6,2017,5,5,2017,3,31,2016,7,6,1
85500,97517,1769738,13,117.0,male,9,0,0,217,1198,1198,0.0,0.0,0.0,8,535,106,73,139,909,1551,297187.60800000007,2014,5,21,2017,4,24,2017,3,26,2015,1,17,1
87524,99810,118952,5,117.0,male,9,0,0,480,2390,2390,0.0,0.625,0.0,16,404,134,91,67,4269,4402,1089210.635,2007,6,9,2017,4,12,2017,3,28,2015,9,26,1
88574,100962,1716828,1,105.0,male,7,0,0,780,3874,4023,0.0,1.0,0.0,27,96,80,36,19,198,382,61752.955,2010,2,24,2017,4,14,2016,5,5,2015,1,23,1
89588,102113,694538,4,930.0,male,9,0,0,573,2832,2981,0.0,0.9,0.05,20,3049,956,536,702,10005,8769,2882501.203999999,2011,7,29,2017,4,18,2017,3,30,2015,1,1,1
89814,102382,3913244,15,106.0,male,9,0,0,510,2533,3427,0.0,1.0,0.0,23,2346,385,312,458,11811,11672,4109890.94,2011,7,8,2017,4,30,2017,3,31,2015,1,1,1
93621,106774,5794466,13,1034.0,female,7,0,0,810,3873,4022,0.0,1.0,0.0357142857142857,28,806,252,112,338,6701,5625,1718839.5660000003,2011,2,12,2017,4,3,2017,3,31,2015,2,2,0
93641,106796,4194462,13,106.0,female,7,0,0,540,1782,1782,0.0,1.0,0.0,18,304,87,66,77,2036,2406,540533.9670000001,2011,3,8,2017,4,11,2017,3,25,2015,10,24,0
98208,112049,5153359,5,103.0,male,7,0,0,840,4172,4321,0.0,1.0,0.0344827586206896,29,4184,1014,831,924,12058,14574,3549892.854000001,2013,1,7,2017,4,26,2017,3,31,2015,1,1,1
99414,113446,1840635,4,1026.0,male,7,0,0,810,4023,4023,0.0,1.0,0.0,27,4130,784,375,320,16539,21064,4342126.173,2012,1,17,2017,4,17,2017,3,31,2015,1,3,1
99937,114054,746444,14,106.0,male,3,1,0,277,1222,1222,0.0,0.0,0.0,7,720,159,89,74,4318,4359,1152891.307,2012,3,1,2017,4,2,2017,3,30,2016,6,29,1
101248,115547,4043997,4,4.0,male,7,0,0,360,1974,2868,0.0,1.0,0.1111111111111111,18,7764,1158,1160,1607,12571,11825,4013882.794,2011,2,1,2017,4,7,2017,3,31,2015,1,1,1
101394,115723,313124,21,104.0,male,9,0,0,814,4023,4172,0.0,1.0,0.0357142857142857,28,2580,606,429,835,7168,9959,2117216.938,2009,6,19,2017,4,19,2017,3,31,2015,1,2,1
103808,118452,2719479,13,112.0,male,9,0,0,660,3278,3129,0.0454545454545454,1.0,0.0,22,3752,1012,656,810,11968,13424,3411953.499999999,2014,6,21,2017,4,16,2017,3,31,2015,1,1,1
105595,120462,684314,1,117.0,female,9,1,0,30,180,180,0.0,0.0,0.0,1,3,2,1,0,23,27,7260.383,2008,2,5,2017,2,13,2017,2,16,2017,1,14,0
106244,121194,193391,9,1053.0,female,9,0,0,510,2533,3427,0.0,1.0,0.0,23,7380,789,578,719,15459,18256,3973761.171,2010,2,5,2017,4,30,2017,3,31,2015,5,15,0
106522,121530,5103441,13,117.0,female,9,0,0,664,3380,3529,0.0,0.4782608695652174,0.0434782608695652,23,1499,365,224,236,12406,12211,3356938.037,2011,6,2,2017,3,31,2017,3,31,2015,1,1,0
109700,125116,3303876,13,778.0,male,9,0,0,603,2980,3129,0.0,1.0,0.0,21,1646,636,373,333,7751,6799,2034872.588,2013,1,3,2017,5,2,2017,3,31,2015,1,1,1
109813,125245,3044279,6,9.0,female,9,0,0,784,4256,4555,0.0,0.6071428571428571,0.0357142857142857,28,3335,436,368,339,11224,12962,3028255.7210000004,2009,10,23,2017,4,20,2017,3,31,2015,1,7,0
111202,126807,133078,15,104.0,male,3,0,0,570,2850,2850,0.0,0.0,0.0,19,3680,1036,744,1046,21539,11634,5823466.685000001,2013,9,30,2017,4,19,2017,3,31,2015,1,17,1
116863,133382,4686733,1,111.0,male,3,0,0,180,925,925,0.0,0.0,0.0,6,2378,233,182,128,1602,3856,503507.9630000001,2015,5,8,2017,4,25,2017,3,31,2016,10,21,1
118767,135572,2864162,13,117.0,male,9,0,0,637,3129,3278,0.0,0.0,0.0,23,4498,2089,927,1051,14368,19704,4296131.402999999,2012,9,26,2017,5,25,2017,3,31,2015,1,1,1
119653,136585,101204,14,950.0,male,9,1,0,663,3340,3489,0.0,0.9130434782608696,0.0434782608695652,23,1012,162,121,120,6105,4844,1309360.8659999997,2009,11,18,2017,3,28,2017,2,26,2015,1,2,1
119672,136608,2242949,22,117.0,female,9,1,0,270,1341,1341,0.0,0.0,0.0,9,522,358,155,190,1106,2034,364171.0480000001,2010,2,3,2017,3,12,2017,2,10,2015,1,24,0
121616,138852,5573094,11,1.0,male,7,0,0,270,891,891,0.0,1.0,0.0,9,1488,395,331,332,10200,10787,2475679.4030000004,2013,7,25,2017,4,10,2017,3,31,2016,7,11,1
122703,140087,939413,4,1.0,female,7,0,0,900,4293,4293,0.0333333333333333,0.967741935483871,0.0967741935483871,31,2427,476,321,286,12420,12774,3237125.2919999994,2014,12,1,2017,4,20,2017,3,30,2015,1,3,0
123951,141512,1922262,22,117.0,male,9,0,0,337,1639,1639,0.0,0.9166666666666666,0.0,12,8955,1001,802,831,5737,12861,1752185.4830000005,2006,11,21,2017,5,14,2017,3,31,2015,1,1,1
124069,141649,5749817,14,1017.0,male,9,0,0,603,2980,3129,0.0,1.0,0.0,21,1641,549,247,227,8226,9973,2166830.901,2011,6,12,2017,5,23,2017,3,30,2015,1,1,1
126939,144954,3859211,5,106.0,female,3,0,0,450,2421,2421,0.0,1.0,0.0666666666666666,15,1782,465,443,368,10069,10395,2470013.634,2012,9,19,2017,4,24,2017,3,31,2015,12,14,0
127131,145169,233250,13,117.0,female,9,0,0,120,720,720,0.0,0.0,0.0,4,86,28,14,8,553,525,155052.077,2011,3,31,2017,4,3,2017,3,12,2016,9,4,0
135032,154146,1135834,1,112.0,male,3,0,1,90,540,540,0.0,0.0,0.0,3,887,314,295,236,2016,2039,620447.9639999999,2016,6,9,2017,4,30,2017,3,31,2016,6,9,1
135484,154649,4188963,4,103.0,male,7,0,0,810,3223,3372,0.0,1.0,0.0357142857142857,28,2186,453,305,440,5753,6794,1644736.4470000002,2011,9,1,2017,4,21,2017,3,16,2015,1,1,1
136065,155309,2158552,22,1030.0,male,7,0,0,630,2541,2541,0.0,1.0,0.0,21,588,167,128,142,10598,9793,2767115.168,2011,4,4,2017,4,17,2017,3,22,2015,7,20,1
136854,156185,3972269,14,107.0,female,9,0,0,633,3129,3278,0.0,1.0,0.0454545454545454,22,2000,850,411,482,18678,17919,4544641.504,2012,2,4,2017,5,19,2017,3,31,2015,1,1,0
137144,156521,3762886,5,112.0,male,4,0,0,90,540,540,0.0,1.0,0.0,3,34,1,7,3,8710,5003,2258465.361999999,2017,1,9,2017,4,11,2017,3,31,2017,1,9,1
138688,158275,4754739,18,10.0,male,9,0,0,720,3576,4321,0.0,1.0,0.0344827586206896,29,1821,285,194,195,10224,10183,2590761.1669999994,2008,3,1,2017,4,30,2017,3,31,2015,1,5,1
140037,159828,5695999,4,1036.0,male,7,0,0,810,3333,3462,0.0,1.0,0.0357142857142857,28,771,250,197,195,4976,2492,1410009.059,2010,10,11,2017,4,8,2017,3,31,2015,1,6,1
143681,163990,1764556,5,107.0,female,7,1,0,480,1634,2528,0.0,1.0,0.0909090909090909,22,476,73,26,32,1235,1293,246882.14800000007,2010,11,25,2017,3,15,2017,2,20,2015,1,5,0
145702,166212,2347804,14,109.0,male,3,1,0,90,447,447,0.0,0.0,0.0,3,136,50,12,30,774,460,187368.60799999995,2012,5,9,2017,4,21,2017,3,25,2016,12,12,1
146123,166706,2432395,5,1040.0,male,9,0,0,510,2533,3427,0.0,1.0,0.0,23,487,234,121,174,4574,4726,1234839.2939999995,2010,9,26,2017,4,30,2017,3,31,2015,1,3,1
146818,167515,4059756,18,153.0,female,3,0,0,120,596,596,0.0,0.0,0.0,4,1486,412,142,143,1387,2883,418756.6539999998,2013,9,7,2017,4,19,2017,3,31,2015,3,17,0
149664,170675,395647,8,102.0,male,3,1,0,457,2235,2235,0.0,0.0,0.0,16,492,145,87,73,1012,1424,305641.327,2015,12,17,2017,4,5,2017,3,25,2015,12,17,1
161353,183694,3670373,13,112.0,female,3,0,0,510,2534,2534,0.0,0.9411764705882352,0.0,17,752,176,118,131,3672,3552,957802.683,2014,10,7,2017,4,11,2017,3,31,2015,11,11,0
163315,185952,5675187,18,117.0,male,9,0,0,603,3042,3191,0.0,1.0,0.0476190476190476,21,295,151,89,68,5407,2875,1347948.8749999993,2011,2,23,2017,4,19,2017,3,28,2015,1,2,1
165441,188356,5411709,13,1036.0,female,4,0,0,390,1937,1937,0.0,1.0,0.0769230769230769,13,323,167,113,120,10975,7107,2906781.142,2016,4,23,2017,4,25,2017,3,30,2016,4,23,0
166901,189987,1325110,5,112.0,female,4,1,0,210,903,903,0.0,1.0,0.1428571428571428,7,175,31,24,14,168,374,50312.38699999999,2016,8,17,2017,2,19,2017,1,29,2016,8,17,0
167125,190238,5569895,5,6.0,male,9,1,0,370,1788,1937,0.0,0.0,0.0,14,726,689,377,480,5762,6544,1707337.0060000003,2014,3,9,2017,2,23,2017,2,26,2015,1,1,1
169927,193373,3701830,3,112.0,male,3,0,0,570,2831,2831,0.0,1.0,0.0,19,145,82,75,81,7822,5732,1967697.253,2015,9,22,2017,4,28,2017,3,31,2015,9,22,1
174718,198680,1114953,15,106.0,male,7,0,0,780,3354,3483,0.0,1.0,0.0,27,3,0,0,0,22,24,5682.008,2010,10,30,2017,5,1,2015,4,17,2015,3,23,1
175206,199233,5982410,14,5.0,male,9,0,0,390,1937,1937,0.0,1.0,0.0,13,1073,293,211,209,13630,9042,3621072.428,2011,6,3,2017,5,2,2017,3,31,2015,10,3,1
175330,199388,4440863,15,105.0,male,3,1,0,90,540,540,0.0,0.0,0.0,3,1914,146,106,89,752,2545,244827.468,2014,11,7,2017,2,1,2017,2,5,2016,10,1,1
179570,204189,5662799,13,1.0,female,7,0,0,270,891,891,0.0,1.0,0.0,9,102,39,33,57,1949,1974,521379.5260000001,2014,3,1,2017,4,30,2017,3,26,2016,7,31,0
180247,204952,1390159,5,1048.0,male,9,0,0,487,2384,2384,0.0,0.9411764705882352,0.0,17,557,137,114,93,3165,3099,812905.0910000001,2011,4,25,2017,4,4,2017,3,30,2015,5,28,1
182271,207261,5716879,5,112.0,female,7,0,0,810,3823,3972,0.0,1.0,0.0357142857142857,28,29,15,8,14,113,159,33714.83299999999,2010,7,26,2017,4,22,2017,1,8,2015,1,24,0
182669,207722,6034941,13,109.0,female,3,0,0,604,2980,3129,0.0,1.0,0.0,21,1725,144,90,71,6216,4501,1423753.6020000002,2012,9,16,2017,4,6,2017,3,27,2015,1,9,0
184810,210164,89208,1,106.0,male,9,0,0,337,1639,1788,0.0,0.0,0.0,13,2308,503,328,423,7673,9421,2219871.1219999995,2007,6,25,2017,3,12,2017,3,13,2015,1,1,1
187309,212929,2400322,13,743.0,male,3,0,0,603,2980,3129,0.0,1.0,0.0,21,741,294,143,121,5702,5620,1533856.843,2012,11,24,2017,5,11,2017,3,31,2015,1,8,1
190448,216474,2315910,1,109.0,male,3,0,0,150,745,745,0.0,0.0,0.0,5,1325,233,194,175,1734,2419,505676.784,2016,3,12,2017,4,9,2017,3,31,2016,3,12,1
193029,219364,5434862,4,1031.0,female,7,0,0,840,3522,3581,0.0215723873441994,1.0,0.0344827586206896,29,800,203,122,200,3779,3701,1029618.8999999998,2011,4,29,2017,4,8,2017,3,28,2015,1,2,0
193293,219665,2005797,13,106.0,male,9,0,0,510,2533,3427,0.0,1.0,0.0,23,696,120,88,111,2224,2697,615272.822,2004,9,9,2017,4,30,2017,3,29,2015,1,1,1
195399,222014,145375,13,1.0,female,7,0,0,120,396,396,0.0,1.0,0.0,4,301,37,36,38,1110,955,252540.712,2016,12,31,2017,4,30,2017,3,31,2017,1,1,0
196861,223705,4917964,5,111.0,male,7,0,0,780,3874,4023,0.0,1.0,0.0,27,2258,576,311,324,19653,17774,5147450.894999999,2012,8,8,2017,4,8,2017,3,31,2015,1,1,1
198947,226058,130890,4,102.0,male,4,0,0,210,1043,1043,0.0,1.0,0.0,7,1318,401,205,148,7183,8560,1877396.453,2016,8,31,2017,4,4,2017,3,25,2016,8,31,1
203165,230827,3760879,11,117.0,female,9,0,0,814,4333,4333,0.0,1.0,0.037037037037037,27,581,124,45,59,4501,4783,1141780.165,2011,11,6,2017,4,9,2017,3,20,2015,1,5,0
204460,232219,2959380,9,119.0,male,7,0,0,780,3354,3483,0.0,1.0,0.0,27,2257,668,494,512,10997,13346,3175218.1899999995,2011,5,9,2017,4,9,2017,3,31,2015,1,1,1
205136,233013,6338235,1,106.0,male,7,0,0,810,3843,3573,0.0671140939597315,1.0,0.0,27,1207,313,229,185,9524,6981,2465013.5130000003,2014,10,18,2017,4,5,2017,3,31,2015,1,2,1
206803,234923,1804565,5,7.0,female,9,1,0,60,360,360,0.0,0.0,0.0,2,562,132,102,116,3559,3916,952053.034,2015,9,22,2017,4,13,2017,3,26,2015,10,20,0
207054,235197,2830151,4,1037.0,female,9,1,0,480,2384,2533,0.0,1.0,0.0,17,1416,369,239,190,6984,7059,1916592.429,2011,1,31,2017,4,6,2017,3,31,2015,4,30,0
207539,235736,3864319,5,1051.0,male,7,0,0,780,3354,3483,0.0,1.0,0.0,27,2089,164,130,218,4003,4947,1316178.9269999994,2011,3,30,2017,5,1,2017,3,31,2015,1,8,1
207593,235794,3279936,15,106.0,male,9,0,0,127,598,598,0.0,0.5,0.0,4,1227,171,140,127,2259,3000,642182.96,2004,12,4,2017,4,3,2017,3,31,2015,2,23,1
207620,235822,5963515,22,1049.0,female,7,0,0,150,495,495,0.0,1.0,0.0,5,1330,156,84,48,878,2167,292547.92099999986,2016,11,10,2017,4,9,2017,3,31,2016,11,10,0
207887,236102,5630522,13,106.0,female,3,1,0,30,149,149,0.0,0.0,0.0,1,8,7,2,0,11,15,4298.975,2014,3,2,2017,2,7,2017,3,16,2017,1,9,0
208935,237330,4311072,11,138.0,female,9,0,0,603,2980,3129,0.0,1.0,0.0,21,768,226,107,98,1629,2334,483587.4049999999,2012,8,22,2017,5,18,2017,3,29,2015,1,6,0
209765,238256,2215775,10,106.0,male,9,0,0,210,1229,1229,0.0,0.0,0.0,7,2522,624,529,671,1309,3667,620434.1649999999,2016,6,11,2017,4,14,2017,3,31,2016,6,11,1
209842,238340,5285082,4,4.0,male,3,0,0,784,3874,3874,0.0,1.0,0.0384615384615384,26,1122,962,586,268,9140,9464,2504047.168,2012,12,29,2017,4,24,2017,3,31,2015,1,1,1
209927,238443,1790198,6,2.0,male,3,0,0,844,4172,4321,0.0,1.0,0.0689655172413793,29,3585,555,298,483,8177,11412,2228044.408999999,2014,6,10,2017,4,14,2017,3,30,2015,1,1,1
211158,239880,752385,14,106.0,male,9,0,0,572,2831,2980,0.0,1.0,0.0,20,2367,623,647,613,13841,13326,3550200.4720000005,2007,12,30,2017,5,4,2017,3,31,2015,2,22,1
212162,241055,2942389,9,5.0,male,7,0,0,900,3970,3940,0.0067114093959731,1.0,0.0333333333333333,30,38,14,21,12,17294,9128,4324978.850999999,2012,5,1,2017,4,12,2015,8,11,2015,1,1,1
214627,243873,5120532,13,10.0,male,9,1,0,30,149,149,0.0,0.0,0.0,1,163,43,33,10,615,602,163860.05399999995,2010,5,29,2017,3,15,2017,3,17,2015,1,24,1
216734,246189,4691809,22,1.0,female,7,1,0,922,4470,4321,0.04,0.9230769230769232,0.0384615384615384,26,350,66,35,90,5924,4941,1544454.2490000003,2014,5,18,2017,7,12,2017,3,28,2015,1,13,0
220634,250512,1480996,4,1031.0,male,7,0,0,810,3123,3272,0.0,1.0,0.0357142857142857,28,2874,1068,746,760,14432,17705,3940285.746999999,2011,12,26,2017,4,15,2017,3,31,2015,1,1,1
222041,252126,2059114,13,112.0,male,4,0,0,60,360,360,0.0,1.0,0.0,2,646,147,94,177,1699,1483,521670.851,2017,2,17,2017,4,21,2017,3,31,2017,2,17,1
225098,255578,2221226,5,1029.0,male,9,0,0,450,2700,1980,0.2666666666666666,0.6,0.1333333333333333,15,1374,373,267,402,13008,13712,3377000.6610000003,2013,5,24,2017,4,6,2017,3,31,2016,6,16,1
227074,257776,3001190,5,948.0,male,9,0,0,783,4248,4248,0.0384615384615384,0.925925925925926,0.037037037037037,27,1902,1169,658,651,25059,8140,6489780.839000001,2010,5,1,2017,4,7,2017,3,31,2015,1,1,1
230625,261686,4205418,12,102.0,male,7,0,0,720,3576,3725,0.0,1.0,0.24,25,1849,516,477,262,5365,3759,1568653.3719999995,2014,6,15,2017,4,11,2017,3,24,2015,1,4,1
233130,264476,118640,6,106.0,male,4,0,0,300,1490,1490,0.0,1.0,0.0,10,3241,463,315,343,3341,5641,1049970.269,2016,3,29,2017,5,1,2017,3,31,2016,3,29,1
235126,266711,6121102,13,117.0,female,9,0,0,210,1043,1043,0.0,0.0,0.0,7,1891,433,205,160,4037,5841,1104154.833,2010,5,5,2017,4,3,2017,3,31,2016,8,24,0
239528,271676,4064643,13,1030.0,female,7,1,0,780,3874,4023,0.0,1.0,0.0,27,5565,1570,1029,1231,19510,23993,5640492.987999999,2011,8,9,2017,4,9,2017,3,31,2015,1,1,0
239984,272205,195658,21,144.0,male,9,0,0,510,2533,3427,0.0,1.0,0.0,23,582,252,174,201,13985,11424,3304951.532000001,2011,2,2,2017,4,30,2017,3,27,2015,1,1,1
240737,273101,440107,1,101.0,female,4,1,0,67,298,298,0.0,0.0,0.0,3,1305,291,87,68,594,1778,191314.68500000003,2016,11,5,2017,3,10,2017,3,9,2016,11,5,0
242058,274633,2620834,15,106.0,male,9,0,0,690,3427,3576,0.0,0.6666666666666666,0.0,24,1392,618,306,283,3315,4863,1022063.5109999998,2013,8,3,2017,4,22,2017,3,31,2015,1,2,1
242311,274930,1295214,9,117.0,male,9,0,0,510,2533,3427,0.0,1.0,0.0,23,1103,332,252,268,15570,13183,3878415.025999999,2005,12,24,2017,4,30,2017,3,31,2015,1,1,1
243021,275754,2142985,14,1052.0,male,7,0,0,840,3922,4071,0.0,1.0,0.0344827586206896,29,1237,193,109,92,8254,8652,2207743.6329999994,2010,7,8,2017,4,20,2017,3,29,2015,1,2,1
243600,276389,5328930,15,117.0,female,3,0,0,120,596,596,0.0,0.0,0.0,4,859,603,127,146,374,1654,192711.29700000008,2014,2,23,2017,4,20,2017,3,31,2015,1,2,0
246513,279656,4881801,3,6.0,female,9,0,0,783,3874,4023,0.0,1.0,0.0,27,173,33,32,31,2173,2062,556573.3430000001,2009,8,15,2017,4,24,2016,12,29,2015,2,6,0
249822,283350,4021299,5,102.0,female,4,1,0,30,180,180,0.0,0.0,0.0,1,81,30,15,9,752,709,200320.599,2016,5,23,2017,3,20,2017,3,18,2016,5,24,0
249833,283361,3537558,4,112.0,male,3,0,0,330,1490,1490,0.0,0.8888888888888888,0.0,9,157,65,56,39,5600,3400,1589744.4359999998,2016,5,30,2017,4,30,2017,3,31,2016,5,30,1
253587,287534,2382235,5,106.0,male,3,0,0,820,3576,3576,0.0,0.0,0.0,2,9834,1213,497,744,8792,17095,2587397.253,2014,4,18,2018,4,3,2017,3,31,2015,1,1,1
255367,289520,2770871,5,1030.0,male,9,0,0,603,3042,3191,0.0,0.9523809523809524,0.0476190476190476,21,1366,526,370,732,13164,13532,5111698.039000001,2010,11,29,2017,4,19,2017,3,30,2015,1,1,1
256190,290491,6071075,21,10.0,female,3,0,0,814,4023,4023,0.0,1.0,0.0,27,4997,1274,915,749,19365,21809,6314457.588999998,2012,10,12,2017,4,19,2017,3,31,2015,1,1,0
256346,290670,2986528,13,101.0,male,9,0,0,510,2533,2533,0.0,1.0,0.0,17,7212,986,407,320,3358,10664,1010274.029,2007,8,9,2017,5,25,2017,3,18,2015,6,26,1
257055,291480,6483904,5,117.0,female,9,0,0,784,3874,4023,0.0,1.0,0.0,27,932,650,487,396,11852,6599,3038723.6660000007,2012,1,30,2017,4,8,2017,3,29,2015,1,8,0
257696,292246,430142,13,1.0,female,7,0,0,420,1488,1190,0.1428571428571428,1.0,0.1428571428571428,14,1574,345,264,261,12185,11803,3187916.969,2016,5,25,2017,4,15,2017,3,31,2016,5,27,0
258698,293335,3699821,15,131.0,female,7,0,0,810,3483,3483,0.0,1.0,0.0,27,1163,679,421,329,17445,12887,4425848.857000002,2010,12,16,2017,4,16,2017,3,31,2015,1,3,0
259790,294585,2445182,14,102.0,male,7,0,0,630,3129,3129,0.0,1.0,0.0,21,2150,830,538,386,5214,5736,1575664.447,2015,7,2,2017,4,1,2017,3,31,2015,7,2,1
260247,295113,2441718,12,106.0,male,3,0,0,97,447,447,0.0,0.0,0.0,4,1110,257,166,170,2839,2818,829457.2589999998,2013,5,15,2017,4,13,2017,3,31,2016,8,28,1
260262,295132,4024859,5,6.0,male,3,0,0,630,3129,2980,0.0476190476190476,1.0,0.0,21,969,487,341,417,10979,9981,2889396.3179999986,2013,6,3,2017,4,27,2017,3,31,2015,7,28,1
260361,295256,199781,17,1.0,male,7,0,0,870,4321,4470,0.0,1.0,0.0333333333333333,30,1870,385,305,361,13417,11709,3527097.8200000017,2014,11,3,2017,5,26,2017,3,31,2015,1,1,1
262893,298064,4428938,6,104.0,male,4,1,0,60,298,298,0.0,1.0,0.5,2,579,127,68,69,963,1308,259714.21900000004,2015,12,7,2017,2,17,2017,2,11,2017,1,18,1
263726,298978,2406039,4,103.0,male,4,0,0,330,1639,1639,0.0,0.0,0.0,11,480,233,110,78,2814,3488,766799.6710000001,2016,4,26,2017,4,30,2017,3,28,2016,4,27,1
263990,299270,1448079,15,1029.0,female,7,1,0,780,3874,3874,0.0,1.0,0.0384615384615384,26,364,144,65,69,2964,2935,802236.4089999999,2011,9,22,2017,2,19,2017,3,10,2015,1,11,0
264053,299340,1899589,5,823.0,female,9,1,0,630,3011,3160,0.0,0.0,0.0,19,7898,1758,1167,1376,26281,23507,7205284.037999998,2011,5,15,2017,3,16,2017,3,24,2015,3,1,0
264384,299704,5016284,1,112.0,male,3,0,0,217,1043,1043,0.0,0.0,0.0,8,143,29,16,20,1131,1125,322565.102,2015,9,13,2017,4,24,2017,3,26,2015,9,19,1
268729,304540,6355319,5,319.0,male,3,0,0,604,2980,3129,0.0,1.0,0.0,21,2884,1045,751,1033,10081,14118,3090371.597,2014,6,21,2017,4,6,2017,3,31,2015,1,3,1
275163,312021,5919259,5,1.0,female,7,1,0,810,3973,4122,0.0,1.0,0.0357142857142857,28,1052,260,178,216,3643,3549,945091.368,2010,12,28,2017,6,14,2017,3,30,2015,1,4,0
277034,314136,6584029,15,6.0,male,9,1,0,465,2116,2116,0.0,0.0,0.0,7,1575,417,250,276,10813,9984,2698579.204,2012,9,5,2017,3,19,2017,3,16,2015,1,1,1
277803,314975,1142434,6,106.0,male,3,1,0,780,3576,3576,0.0,0.0,0.0,4,1893,772,218,174,1005,3219,418362.03,2013,12,14,2017,3,30,2017,3,29,2015,1,1,1
278383,315654,3485470,15,110.0,female,9,1,0,510,2533,3427,0.0,1.0,0.0434782608695652,23,2546,783,414,555,7466,9299,2148003.913,2008,6,29,2017,3,31,2017,3,25,2015,1,1,0
279125,316480,3466443,15,117.0,male,9,0,0,603,2980,3129,0.0,1.0,0.0,21,2492,487,348,417,10437,12954,2740329.562,2008,9,7,2017,5,15,2017,3,31,2015,1,1,1
279560,317005,4894118,9,106.0,male,9,1,0,450,2235,2235,0.0,0.0,0.0,15,1956,518,343,246,5002,5783,1390585.5560000006,2013,6,30,2017,2,12,2017,2,14,2015,7,4,1
282469,320246,6505080,4,102.0,male,4,0,0,330,1639,1639,0.0,0.0,0.0,11,1273,599,236,146,1855,3707,585291.3279999999,2016,1,20,2017,4,16,2017,3,31,2016,1,21,1
283406,321279,1089811,5,103.0,female,4,0,0,510,2910,2910,0.0,0.7058823529411765,0.0,17,2030,531,275,283,11398,4071,3089511.24,2015,10,10,2017,4,11,2017,3,31,2015,10,19,0
283973,321935,535609,6,117.0,male,9,1,0,394,2216,2365,0.0,0.7142857142857143,0.1428571428571428,14,1629,288,198,204,5082,6336,1596760.3569999998,2007,5,5,2017,2,19,2016,12,21,2015,1,1,1
288789,327217,195651,9,112.0,male,3,0,0,375,1974,1974,0.0,0.8571428571428571,0.0,7,1802,319,255,334,7344,8216,2020671.693,2016,3,31,2017,4,14,2017,3,30,2016,3,31,1
295931,335078,5323428,15,1.0,male,3,0,0,307,1800,1800,0.0,0.1818181818181818,0.0,11,6675,894,652,463,7403,12629,2045067.334,2013,8,24,2017,4,23,2017,3,31,2015,3,30,1
297457,336817,6707670,4,117.0,male,9,0,0,784,3874,4023,0.0,1.0,0.0,27,3966,1358,1025,1195,17756,21094,5109497.591000001,2004,4,6,2017,4,4,2017,3,31,2015,1,1,1
298995,338510,3157272,22,106.0,male,3,0,0,845,4172,4172,0.0,1.0,0.0357142857142857,28,9360,2170,1113,1810,12334,20515,3969491.568,2012,1,15,2017,4,17,2017,3,31,2015,1,5,1
298999,338515,5132816,14,111.0,female,3,0,0,217,1043,1043,0.0,0.0,0.0,8,1189,267,163,199,4413,3263,1143058.21,2015,1,10,2017,4,10,2017,3,31,2015,1,10,0
299743,339301,1972733,13,117.0,male,9,0,0,510,2533,3427,0.0,1.0,0.0,23,1703,894,661,513,13680,13865,3674859.5520000015,2005,3,14,2017,4,30,2017,3,31,2015,1,1,1
300840,340524,1605261,5,106.0,male,9,0,0,571,2831,3705,0.0070646414694454,0.9615384615384616,0.0384615384615384,26,5635,1594,469,408,6605,10967,1886441.331,2007,4,3,2017,5,7,2017,3,30,2015,1,4,1
301085,340798,5335986,8,112.0,male,4,0,0,97,447,447,0.0,0.0,0.0,4,565,294,179,149,1482,2106,468657.466,2016,5,3,2017,4,5,2017,3,31,2016,5,3,1
301619,341397,5610932,13,106.0,male,9,0,0,450,2235,2235,0.0,0.7333333333333333,0.0,15,3469,733,514,452,15122,17961,3977318.6970000006,2007,7,1,2017,5,9,2017,3,31,2015,8,8,1
301639,341417,81340,13,106.0,male,9,0,0,1224,5966,6115,0.0,0.896551724137931,0.1034482758620689,29,1777,623,547,421,25343,22941,6805269.434999997,2007,8,20,2018,4,4,2017,3,31,2015,1,3,1
302399,342243,1311765,6,105.0,female,7,0,0,330,1089,1089,0.0,1.0,0.0,11,145,39,43,26,1380,1453,361748.217,2016,5,27,2017,4,26,2017,3,30,2016,5,27,0
302484,342338,5514243,5,117.0,female,7,0,0,780,3874,3723,0.069695405265875,1.0,0.0,27,1122,156,163,108,255,1615,132158.86299999998,2012,3,26,2017,4,3,2017,3,26,2015,1,16,0
303382,343343,3138418,4,3.0,female,7,0,0,420,1386,1386,0.0,1.0,0.0,14,847,214,119,129,2742,3497,716215.4940000003,2016,2,7,2017,4,6,2017,3,27,2016,2,7,0
303412,343373,259836,1,102.0,female,4,1,0,30,180,180,0.0,0.0,0.0,1,71,19,6,6,453,267,115615.236,2016,9,11,2017,3,16,2017,3,17,2016,9,11,0
304485,344551,6517235,13,939.0,female,9,0,0,390,1937,1937,0.0,1.0,0.0,13,981,169,99,111,5687,5338,1414394.558,2015,8,30,2017,3,31,2017,3,28,2015,8,30,0
304703,344802,6085032,22,947.0,female,9,0,0,603,2980,3129,0.0,1.0,0.0,21,3093,667,415,395,8352,9602,2290129.611,2012,8,7,2017,5,8,2017,3,31,2015,1,4,0
310171,350780,4026978,1,112.0,male,3,0,0,781,3754,3754,0.0384615384615384,1.0,0.074074074074074,27,3094,712,382,330,3253,6981,1079532.3669999996,2015,4,1,2017,4,15,2017,3,19,2015,4,1,1
310479,351113,6211490,13,941.0,female,9,0,0,724,3576,3725,0.0,1.0,0.08,25,1345,642,422,435,24912,10144,6612149.201,2013,2,25,2017,4,16,2017,3,31,2015,1,1,0
311049,351744,4562033,4,112.0,male,3,0,0,157,900,900,0.0,0.5,0.0,6,229,57,24,37,4081,3044,1088772.1819999998,2015,3,27,2017,4,16,2017,1,28,2015,3,27,1
311375,352130,5455636,5,1031.0,female,9,0,0,784,3874,4023,0.0,1.0,0.0,27,4439,1214,643,636,19448,20473,5338362.721000002,2011,5,12,2017,4,6,2017,3,31,2015,1,1,0
312215,353083,5283165,22,104.0,female,3,0,0,187,894,894,0.0,0.8571428571428571,0.0,7,1115,161,91,126,3306,3909,903194.581,2015,1,20,2017,5,11,2017,3,31,2016,10,29,0
312463,353350,6253516,5,103.0,male,3,1,0,630,2055,2055,0.0,0.0,0.0,6,5993,1476,610,481,3738,9902,1319717.8650000005,2015,10,3,2017,9,15,2017,3,31,2015,10,3,1
315058,356183,2880437,22,101.0,female,3,0,0,420,2370,2370,0.0,0.0,0.0,14,1058,289,108,79,6253,6391,1704535.7519999996,2015,11,4,2017,4,4,2017,3,31,2015,11,20,0
315630,356809,3213190,6,106.0,female,3,0,0,667,3278,3278,0.0,0.0,0.0,23,3685,891,490,457,6910,10752,1826128.967,2012,9,17,2017,4,16,2017,3,31,2015,1,3,0
318130,359560,1996500,10,340.0,female,7,0,0,840,3554,3683,0.0,1.0,0.0344827586206896,29,961,336,232,311,8230,6984,2172868.6080000005,2011,2,11,2017,4,20,2017,3,28,2015,1,1,0
319520,361097,4817523,22,105.0,female,3,0,0,270,1342,1342,0.0,0.8888888888888888,0.0,9,1132,567,155,135,2442,3375,707126.6709999997,2015,9,13,2017,3,31,2017,3,20,2015,9,13,0
319976,361578,1056896,13,106.0,male,9,0,0,510,2533,3427,0.0,1.0,0.0,23,2268,573,396,363,5815,8053,1615028.514,2005,4,22,2017,4,30,2017,3,26,2015,1,1,1
320417,362052,2696616,22,931.0,male,9,0,0,603,2980,3129,0.0,1.0,0.0,21,2075,944,422,407,8096,9306,2245429.559,2011,10,17,2017,5,20,2017,3,31,2015,1,1,1
324002,365996,6612768,13,106.0,male,9,0,0,783,3874,4023,0.0,1.0,0.0,27,744,244,107,113,1351,1983,397794.6500000001,2007,5,27,2017,4,28,2017,3,25,2015,1,1,1
324397,366465,2975988,16,117.0,male,9,0,0,510,2533,3427,0.0,1.0,0.0,23,794,280,207,176,5556,5423,1426448.7990000003,2008,2,1,2017,4,30,2017,3,31,2015,1,1,1
324909,367033,4891121,12,1033.0,female,9,0,0,665,3278,3427,0.0,1.0,0.0434782608695652,23,2496,285,207,154,8138,8112,6874186.56,2011,7,6,2017,5,9,2017,3,31,2015,1,3,0
325072,367229,3754290,9,117.0,male,7,0,0,780,3874,4023,0.0,1.0,0.0,27,4404,1360,716,595,8671,11089,2605212.801999999,2012,9,2,2017,4,3,2017,3,31,2015,1,28,1
325496,367720,6490158,12,106.0,male,4,0,0,450,2235,2235,0.0,0.0,0.0,15,2613,1047,729,750,16096,15395,4174096.303000001,2015,10,9,2017,4,26,2017,3,31,2015,10,9,1
326248,368585,5707990,4,112.0,male,3,0,0,207,960,960,0.0,0.0,0.0,3,272,64,33,43,1448,1679,395720.4699999999,2014,12,7,2017,5,28,2017,3,31,2016,10,31,1
328235,370794,1460648,13,102.0,female,9,1,0,210,1043,1043,0.0,0.0,0.0,7,886,678,217,158,3800,4784,1063695.2770000002,2009,7,6,2017,4,3,2017,3,31,2016,8,24,0
330129,372879,870072,22,112.0,male,7,0,0,270,891,891,0.0,1.0,0.0,9,678,125,85,74,9019,7993,2302795.634,2016,7,24,2017,4,24,2017,3,31,2016,7,25,1
330753,373555,3914847,5,933.0,female,9,0,0,603,2980,3129,0.0,1.0,0.0,21,269,90,78,77,1587,1792,429059.59200000006,2012,4,9,2017,5,11,2017,3,30,2015,1,7,0
331565,374480,2424270,5,101.0,male,4,0,0,90,540,540,0.0,1.0,0.0,3,1531,215,144,156,2058,2894,527302.5419999999,2017,1,18,2017,4,21,2017,3,31,2017,1,18,1
332501,375502,5707227,18,2.0,female,7,0,0,480,1584,1584,0.0,1.0,0.0,16,452,141,81,77,26571,18087,6601047.138000003,2015,12,25,2017,4,25,2017,3,31,2015,12,25,0
333337,376419,260809,9,106.0,male,9,0,0,60,300,300,0.0,0.0,0.0,2,206,33,20,12,1282,969,326993.927,2011,10,23,2017,4,14,2017,3,31,2017,2,12,1
334367,377548,1036154,22,6.0,male,9,0,0,603,2980,3129,0.0,1.0,0.0,21,3201,611,385,330,11551,11536,3062576.676,2011,1,31,2017,5,27,2017,3,31,2015,1,1,1
338414,382004,620687,5,117.0,male,9,0,0,815,4023,4023,0.0,1.0,0.0,27,2319,604,471,499,16245,13710,4219652.098,2011,2,17,2017,4,18,2017,3,31,2015,1,3,1
341162,385095,3108342,6,112.0,male,4,0,0,157,775,775,0.0,0.0,0.0,4,662,207,109,92,4848,3661,1206073.696,2016,5,14,2017,5,24,2017,3,31,2016,5,14,1
341326,385262,4823881,1,102.0,female,3,1,0,120,720,720,0.0,0.0,0.0,4,245,40,34,23,258,415,75808.32,2015,10,1,2017,4,12,2017,3,26,2015,10,1,0
342403,386433,2566577,4,103.0,male,3,1,0,300,1620,1620,0.0,0.0,0.0,10,734,183,104,165,2700,2266,747957.064,2014,3,18,2017,2,27,2017,2,27,2015,1,2,1
342557,386608,3403762,10,106.0,male,3,0,0,540,2700,2850,0.0,0.0,0.0,19,3214,523,362,370,11084,14203,2856867.155000001,2014,2,27,2017,3,21,2017,3,24,2015,3,31,1
347426,392035,6282969,22,2.0,male,9,1,0,270,1341,1341,0.0,1.0,0.1111111111111111,9,56,9,4,6,48,72,14940.9,2016,4,6,2017,3,8,2017,3,5,2016,4,8,1
348280,392972,6244735,17,1.0,male,7,0,0,420,1988,1988,0.0,1.0,0.0714285714285714,14,3907,304,215,360,2852,6569,849895.698,2016,3,26,2017,4,1,2017,3,31,2016,3,26,1
349241,393990,6396395,5,1022.0,male,9,0,0,300,1490,1490,0.0,1.0,0.0,10,1570,440,244,240,5281,6211,1496333.341,2016,4,26,2017,4,7,2017,3,31,2016,4,26,1
349534,394300,3061051,15,5.0,male,9,0,0,510,2533,3427,0.0,1.0,0.0,23,1606,172,154,166,3926,4919,1023442.613,2012,2,5,2017,4,30,2016,8,3,2015,1,1,1
349664,394447,2864746,13,122.0,male,3,0,0,603,2980,3129,0.0,1.0,0.0,21,120,24,22,17,535,304,139405.51400000002,2012,7,21,2017,5,17,2017,3,31,2015,1,7,1
352821,397942,2669680,13,4.0,male,3,0,0,510,2533,3427,0.0,1.0,0.0,23,785,201,142,152,28682,20788,6905775.448,2011,12,31,2017,4,30,2017,3,31,2015,1,23,1
352924,398061,6681481,22,160.0,female,9,0,0,510,2533,2533,0.0,1.0,0.0,17,435,145,100,98,5065,5277,1414215.9730000002,2015,5,23,2017,5,8,2015,12,9,2015,5,23,0
355616,400984,371491,4,8.0,male,7,0,0,480,1584,1584,0.0,1.0,0.0,16,6,2,2,3,129,110,33238.894,2015,12,1,2017,4,1,2017,1,13,2016,7,2,1
355700,401079,4422663,4,106.0,male,9,0,0,510,2533,3427,0.0,1.0,0.0,23,1200,438,298,399,15098,12844,3739575.2430000007,2005,11,23,2017,5,28,2017,3,29,2015,1,1,1
356040,401484,5443030,5,1033.0,female,9,0,0,874,4321,4321,0.0,1.0,0.0689655172413793,29,1069,201,117,106,9504,9998,2460103.0649999995,2012,1,3,2017,4,27,2017,3,26,2015,1,1,0
357564,403157,5557476,9,112.0,male,7,0,0,270,1341,1341,0.0,1.0,0.0,9,1159,681,405,297,1899,3521,666850.9329999998,2016,7,29,2017,4,30,2017,3,31,2016,7,29,1
359063,404838,6066798,4,112.0,female,3,1,0,30,180,180,0.0,0.0,0.0,1,16,14,5,0,39,59,12592.318,2015,8,30,2017,2,28,2017,2,17,2015,8,30,0
362960,409196,2186075,4,106.0,male,9,0,0,779,3756,3756,0.0,0.0454545454545454,0.0,22,7540,1092,724,968,16702,23894,4852936.470000001,2006,2,28,2017,4,6,2017,3,31,2015,1,1,1
363067,409308,425499,13,105.0,male,3,0,0,330,1639,1639,0.0,1.0,0.0,11,120,69,42,54,6282,6105,1596851.2090000005,2016,1,19,2017,5,21,2017,3,21,2016,1,19,1
363860,410173,5853135,22,102.0,male,7,1,0,660,3278,3427,0.0,1.0,0.0434782608695652,23,1202,203,167,140,11666,6972,2711163.563,2015,5,3,2017,3,3,2017,2,1,2015,5,3,1
364764,411185,3820367,13,1.0,male,7,0,0,480,1584,1584,0.0,1.0,0.0,16,10,5,2,0,40,29,11035.932,2015,11,28,2017,4,30,2015,12,9,2015,11,28,1
367424,414116,5386383,5,519.0,female,7,0,0,840,3932,3842,0.0215723873441994,1.0,0.0,28,1729,481,351,349,5287,7612,1524268.8989999995,2012,1,18,2017,5,1,2017,3,31,2015,1,3,0
374056,421448,1332010,5,106.0,male,3,0,0,60,298,298,0.0,0.0,0.0,2,352,61,19,16,259,626,76267.71500000003,2015,8,30,2017,4,6,2017,3,27,2015,8,30,1
374629,422070,1901158,11,112.0,male,3,0,0,420,2086,2086,0.0,1.0,0.0,14,9444,1889,1401,1474,10713,20022,3254845.764999999,2015,9,5,2017,5,18,2017,3,31,2015,9,5,1
375689,423218,1429989,8,106.0,male,3,0,0,390,1937,1937,0.0,1.0,0.0769230769230769,13,2211,529,349,292,5409,4515,1414384.1700000002,2015,1,29,2017,5,9,2017,1,31,2015,1,29,1
382778,431022,1549887,1,102.0,female,3,1,0,270,1341,1341,0.0,0.0,0.0,9,424,91,73,75,4925,4263,1246231.4529999995,2015,11,10,2017,3,2,2017,2,28,2015,11,10,0
388515,437375,257333,5,101.0,male,3,1,0,210,1043,1043,0.0,0.0,0.0,7,4038,1543,1207,978,4524,8289,1738793.0999999996,2016,2,3,2017,3,10,2017,3,10,2016,2,3,1
389504,438446,1326882,15,117.0,female,9,0,0,510,2533,3427,0.0,1.0,0.0,23,3196,652,506,467,13556,15070,3401714.4829999995,2004,12,25,2017,4,30,2017,3,31,2015,1,2,0
389555,438510,5132354,13,117.0,male,9,0,0,510,2533,3427,0.0,1.0,0.0,23,1505,549,353,398,9754,9581,2737004.5049999994,2005,12,27,2017,4,30,2017,3,31,2015,1,6,1
389951,438962,3257977,4,107.0,female,7,0,0,870,3801,3801,0.0,1.0,0.0689655172413793,29,483,104,59,76,538,927,187510.895,2011,2,23,2017,4,30,2017,3,24,2015,1,2,0
389995,439013,299210,6,139.0,male,7,0,0,300,1290,1290,0.0,1.0,0.0,10,773,195,250,214,4019,4102,1037756.041,2011,4,28,2017,4,11,2017,3,31,2016,6,12,1
389999,439017,1801795,22,2.0,male,9,0,0,480,2384,2384,0.0,1.0,0.0,16,762,182,73,100,5633,5583,1434344.4599999995,2015,12,8,2017,4,10,2017,3,30,2015,12,9,1
391389,440525,1111272,10,106.0,male,9,1,0,995,4470,4470,0.0,0.0,0.0,4,3095,1054,832,503,5073,8101,1629680.7010000004,2014,8,28,2017,10,11,2017,3,31,2015,1,4,1
394880,444349,5113795,22,117.0,male,3,0,0,754,3725,3874,0.0,1.0,0.0,26,644,224,138,100,9002,7370,2305977.0940000005,2013,5,28,2017,4,5,2017,3,31,2015,1,1,1
395073,444564,3600127,1,112.0,male,4,0,0,90,540,540,0.0,0.0,0.0,3,216,54,31,16,271,393,77138.569,2016,7,20,2017,5,29,2017,3,31,2016,7,20,1
395120,444612,725417,10,2.0,female,7,0,0,510,2533,2533,0.0,1.0,0.0,17,850,204,141,140,3494,2920,987216.7359999996,2015,11,22,2017,4,21,2017,3,30,2015,11,22,0
401373,451421,2396603,14,1043.0,female,9,0,0,510,2533,3427,0.0,1.0,0.0,23,1643,567,292,288,3256,5130,951176.6149999998,2013,8,26,2017,4,30,2017,3,29,2015,1,1,0
401663,451755,1640759,1,102.0,female,3,0,0,240,1440,1440,0.0,1.0,0.0,8,821,187,124,140,3628,3128,1064096.7279999997,2016,7,29,2017,4,2,2017,3,31,2016,7,29,0
403507,453821,1024283,11,101.0,male,4,1,0,30,180,180,0.0,0.0,0.0,1,207,43,24,21,818,852,218926.84,2016,12,16,2017,2,22,2017,2,21,2016,12,16,1
404178,454531,4782391,3,7.0,male,3,0,0,510,2533,3427,0.0,1.0,0.0,23,2,0,0,0,40,36,9649.909,2012,8,25,2017,5,5,2015,8,6,2015,8,6,1
405020,455434,5706481,4,112.0,male,4,1,0,560,2638,2638,0.0,0.0,0.0,5,909,243,175,145,6658,1658,1609430.7020000005,2015,12,7,2017,6,29,2017,3,30,2015,12,7,1
410550,461487,4326227,14,1009.0,female,9,0,0,330,1639,1639,0.0,1.0,0.0,11,288,74,65,72,2373,2319,612971.267,2016,5,19,2017,4,18,2017,3,31,2016,5,19,0
411045,462035,3562624,5,106.0,female,9,0,0,603,2980,3129,0.0,1.0,0.0,21,3578,934,565,558,21235,18726,5332503.142,2008,9,16,2017,5,23,2017,3,31,2015,1,3,0
413267,464526,561713,5,106.0,female,9,0,0,783,3874,4023,0.0,1.0,0.037037037037037,27,2102,605,534,984,18866,18895,5170957.770999999,2007,3,13,2017,4,20,2017,3,31,2015,1,1,0
414577,465955,5037476,22,109.0,male,4,0,0,187,649,649,0.0,0.7142857142857143,0.0,7,246,113,101,568,1826,2355,629534.4859999998,2015,10,16,2017,4,20,2017,3,26,2015,11,5,1
418746,470614,3046051,5,107.0,female,4,0,0,450,2235,2235,0.0,1.0,0.0,15,406,123,89,84,3557,2329,968988.8180000002,2016,1,22,2017,4,25,2017,3,20,2016,1,22,0
419485,471397,5432681,13,197.0,male,4,0,0,180,894,894,0.0,1.0,0.0,6,1033,287,107,115,3984,3283,998280.1779999998,2016,10,10,2017,4,13,2017,3,31,2016,10,10,1
425615,478199,5721886,1,104.0,male,4,1,0,320,1437,1437,0.0,0.0,0.0,3,2328,372,315,219,3636,5474,1038779.886,2015,10,9,2017,2,26,2017,2,26,2016,4,4,1
426300,478977,4731300,22,103.0,female,7,0,0,570,1881,1881,0.0,1.0,0.0,19,930,200,110,127,8601,7535,2282971.3640000005,2015,8,14,2017,4,13,2017,3,30,2015,8,14,0
427159,479957,2517523,5,112.0,male,3,0,0,60,360,360,0.0,0.0,0.0,2,119,28,20,13,487,583,130690.55500000002,2014,8,16,2017,4,7,2017,3,31,2017,2,6,1
427825,480725,6231759,4,107.0,female,3,0,0,720,3856,4005,0.0,0.96,0.04,25,2285,502,279,219,9278,8656,2428741.262999999,2015,3,25,2017,4,5,2017,3,29,2015,3,26,0
428081,481015,5876928,5,111.0,male,3,1,0,130,629,629,0.0,0.0,0.0,2,770,67,45,125,596,1325,257716.936,2015,8,16,2017,6,14,2017,3,30,2015,8,16,1
431362,484674,1603233,5,112.0,male,3,0,0,240,1192,1192,0.0,0.0,0.0,8,477,106,103,87,2294,1854,648179.858,2014,10,21,2017,4,23,2017,3,31,2016,4,7,1
432241,485626,3041645,1,112.0,male,4,0,1,240,1440,1440,0.0,0.0,0.0,8,704,196,120,103,1460,2073,470844.0019999999,2015,11,12,2017,4,27,2017,3,29,2015,11,12,1
433299,486814,4270292,12,964.0,female,9,0,0,180,894,894,0.0,1.0,0.0,6,17,9,0,4,4,30,3208.92,2016,11,20,2017,5,19,2017,3,12,2016,11,20,0
436142,489979,3964545,15,117.0,female,3,0,0,603,2980,3129,0.0,1.0,0.0,21,4287,503,302,311,13033,9924,3199039.2220000005,2012,7,9,2017,5,17,2017,3,31,2015,1,12,0
436298,490160,538330,13,3.0,male,9,0,0,210,1043,1043,0.0,1.0,0.0,7,622,105,69,83,27822,4800,7394441.912999998,2016,9,10,2017,4,24,2017,3,30,2016,9,10,1
438677,492824,6523829,12,1031.0,male,9,0,0,603,2980,3129,0.0,1.0,0.0,21,984,313,145,129,3905,4994,1040375.229,2011,10,26,2017,5,27,2017,3,27,2015,1,1,1
440040,494342,1569999,13,117.0,female,3,0,0,603,2980,3129,0.0,1.0,0.0,21,457,133,105,107,4675,4588,1167988.324,2012,10,6,2017,5,1,2017,3,27,2015,1,3,0
442472,497078,3405548,13,1033.0,female,9,0,0,604,2980,3129,0.0,1.0,0.0,21,948,117,62,108,2462,2279,639758.6649999999,2011,2,5,2017,4,6,2017,3,30,2015,2,7,0
443423,498097,3150881,1,101.0,male,4,1,0,30,149,149,0.0,0.0,0.0,1,83,19,7,12,372,324,87071.32200000001,2016,1,27,2017,3,18,2017,3,24,2016,1,27,1
446416,501435,6388030,1,101.0,female,4,0,0,315,1490,1490,0.0,0.0,0.0,5,1053,165,118,113,12607,10951,3323412.3640000005,2016,1,20,2017,3,31,2017,3,31,2016,1,20,0
447102,502209,2603923,13,1051.0,female,7,1,0,810,4023,4023,0.0,1.0,0.037037037037037,27,200,54,37,33,515,631,152694.79799999995,2011,3,14,2017,3,15,2017,2,11,2015,1,10,0
447451,502606,4025353,21,117.0,female,9,0,0,600,2981,3428,0.0,0.9565217391304348,0.0434782608695652,23,9219,2962,1613,1680,29156,23980,8109073.083999999,2008,2,12,2017,4,30,2017,3,31,2015,1,1,0
447863,503095,2346410,1,112.0,male,3,0,0,120,720,720,0.0,1.0,0.0,4,207,41,10,13,882,981,229758.7740000001,2016,12,12,2017,4,19,2017,3,5,2016,12,12,1
450174,505668,2078197,11,7.0,female,9,0,0,217,1043,894,0.1428571428571428,0.875,0.0,8,52,18,6,8,171,140,48271.15,2015,4,26,2017,4,26,2016,10,6,2015,4,26,0
451528,507220,2811865,5,117.0,female,3,1,0,705,3162,3162,0.0,0.0,0.0,3,2047,836,408,358,10423,9823,2727165.503999999,2013,9,7,2018,4,27,2017,3,31,2015,7,1,0
451812,507516,778678,5,112.0,male,4,1,0,45,180,180,0.0,0.0,0.0,1,336,37,27,33,1380,768,407280.7839999999,2016,12,29,2017,3,13,2017,3,10,2016,12,29,1
452443,508198,6584445,5,107.0,male,4,1,0,30,149,149,0.0,0.0,0.0,1,324,38,26,20,219,420,69803.80799999999,2017,1,4,2017,2,13,2017,2,14,2017,1,4,1
453403,509253,4213614,4,103.0,female,7,0,0,150,495,495,0.0,1.0,0.0,5,232,42,44,27,2234,783,553080.7229999999,2016,11,2,2017,4,1,2017,3,31,2016,11,5,0
454824,510867,3293041,5,9.0,female,9,0,0,784,3874,4023,0.0,1.0,0.0,27,955,276,233,217,18683,16096,3571112.99,2006,3,8,2017,4,14,2017,3,29,2015,1,1,0
456514,512746,5103669,3,102.0,male,4,0,0,540,2713,2713,0.0,0.5,0.1111111111111111,18,2009,1508,1012,1098,27963,12753,6173300.828999999,2015,10,16,2017,4,8,2017,3,31,2015,10,16,1
457791,514118,5473046,14,105.0,male,3,1,0,315,1520,1520,0.0,0.0,0.0,3,2860,722,424,440,9616,8155,2693744.516,2013,3,28,2017,6,12,2017,3,31,2016,8,1,1
458440,514864,6513335,14,1043.0,female,7,0,0,900,3990,3900,0.0201342281879194,1.0,0.0333333333333333,30,4888,1958,703,442,8262,13295,2289067.0960000004,2014,4,10,2017,4,19,2017,3,30,2015,1,2,0
459554,516167,1049516,15,6.0,male,9,1,0,547,2548,2548,0.0,0.0,0.0,17,2803,531,372,562,8588,10841,2330891.6750000003,2013,1,27,2017,6,5,2017,3,31,2015,8,16,1
460206,516889,326151,15,105.0,female,9,0,0,754,3725,3725,0.0,1.0,0.12,25,441,194,144,214,3887,3784,1115203.335,2013,1,28,2017,4,2,2017,3,31,2015,1,2,0
464843,522096,4050729,5,117.0,male,9,0,0,510,2533,3427,0.0,1.0,0.0,23,3774,1932,1091,848,5312,9730,1999808.437,2007,9,12,2017,4,30,2017,3,30,2015,1,2,1
466279,523691,4217590,4,1042.0,male,9,0,0,603,2980,3129,0.0,1.0,0.0,21,187,23,19,19,1416,1101,371738.8989999999,2011,8,30,2017,5,19,2017,3,30,2015,1,2,1
467809,525358,3337869,4,102.0,female,3,0,0,570,2831,3726,0.0,0.96,0.04,25,6256,555,354,335,15487,21271,3903231.749,2015,5,13,2017,4,30,2017,3,31,2015,5,13,0
467888,525459,545531,5,6.0,male,9,0,0,783,3874,4023,0.0,1.0,0.0,27,4156,1789,1030,975,6131,9729,2005226.6970000004,2012,8,22,2017,4,27,2017,3,31,2015,1,4,1
469007,526699,743113,14,112.0,male,3,1,0,752,3460,3460,0.0,0.0,0.0,7,2992,566,316,308,1378,4762,571906.446,2015,6,30,2017,10,1,2017,3,31,2015,6,30,1
469170,526862,3940012,13,3.0,male,7,0,0,540,1784,1784,0.0,1.0,0.0555555555555555,18,141,20,20,10,864,886,220033.432,2015,11,27,2017,4,26,2017,2,7,2015,11,28,1
469464,527184,3739072,5,117.0,male,9,0,0,510,2533,3427,0.0,1.0,0.0,23,687,247,169,276,9686,6261,2638867.8230000003,2006,11,19,2017,4,30,2017,3,27,2015,1,9,1
475575,534030,1202724,13,113.0,female,7,0,0,270,1372,1074,0.2222222222222222,1.0,0.2222222222222222,9,581,239,219,199,4658,4459,1192513.6679999996,2015,11,1,2017,3,31,2017,3,31,2015,11,4,0
475859,534358,5493718,12,837.0,male,9,0,0,784,3874,4023,0.0,1.0,0.0,27,848,364,290,479,16163,11952,4311556.152,2012,8,2,2017,4,6,2015,10,15,2015,1,3,1
476399,534981,3103829,5,5.0,female,7,0,0,603,2980,3129,0.0,1.0,0.0,21,2677,1069,533,548,11231,12829,3170996.34,2011,1,24,2017,5,11,2017,3,30,2015,1,1,0
477694,536365,4041549,7,10.0,male,9,0,0,510,2533,3427,0.0,1.0,0.0,23,612,128,111,130,9419,9308,2636963.469,2008,1,25,2017,4,30,2017,3,30,2015,1,1,1
477731,536407,4450535,4,117.0,male,3,1,0,1160,5059,5059,0.0,0.0,0.0,6,340,149,131,1501,11958,13030,3397765.9260000004,2012,11,11,2018,3,18,2017,3,30,2015,1,2,1
478651,537449,2721843,5,117.0,male,9,0,0,815,4023,4023,0.0,1.0,0.074074074074074,27,4049,1208,1002,1266,23041,13932,6270677.787000004,2007,10,18,2017,3,31,2017,3,27,2015,1,1,1
479006,537850,3301059,13,6.0,female,9,0,0,844,4172,4172,0.0,1.0,0.0357142857142857,28,2228,387,260,244,16694,16413,4374763.839,2006,3,11,2017,4,27,2017,3,30,2015,1,10,0
480396,539367,3557803,10,2.0,female,7,0,0,390,1937,1937,0.0,1.0,0.0,13,1135,297,217,229,2961,3383,734668.3840000001,2016,3,26,2017,4,25,2017,3,31,2016,3,26,0
485489,545023,220706,13,112.0,male,3,0,0,510,2661,2661,0.0,0.7647058823529411,0.0588235294117647,17,4315,720,411,630,7362,11755,2195496.176,2015,3,19,2017,4,9,2017,3,31,2015,3,19,1
487880,547700,5686263,22,102.0,female,4,0,0,180,747,747,0.0,0.0,0.0,6,288,72,48,45,1881,2090,470190.1750000001,2015,12,30,2017,4,6,2017,3,31,2015,12,30,0
487951,547777,2061127,4,106.0,male,9,1,0,605,2682,2682,0.0,0.0,0.0,2,1884,894,513,451,7439,8725,2066193.181,2008,7,13,2017,3,5,2017,3,6,2015,6,30,1
489355,549358,1298602,11,6.0,female,9,0,0,574,2831,2980,0.0,1.0,0.1,20,1123,605,306,214,28902,9898,7073561.109000002,2006,4,21,2017,4,2,2017,3,30,2015,1,3,0
494303,554841,6292588,15,1029.0,female,9,0,0,603,2980,3129,0.0,1.0,0.0,21,1688,413,250,308,5038,5301,1462132.198999999,2012,4,21,2017,5,23,2017,3,31,2015,1,1,0
494821,555408,690653,9,117.0,female,9,0,0,780,3874,4023,0.0,0.0,0.0,27,7192,1063,847,1150,7566,15261,2573353.1530000013,2013,4,28,2017,4,17,2017,3,31,2015,1,2,0
497128,558002,565320,1,106.0,male,9,0,0,510,2533,3427,0.0,1.0,0.0,23,3011,490,325,330,8711,11145,2427146.169999999,2005,9,23,2017,4,30,2017,3,30,2015,1,3,1
499846,561062,2112762,5,320.0,male,9,0,0,510,2533,3427,0.0,1.0,0.0,23,4428,771,494,600,15078,15456,4160432.3709999993,2013,1,18,2017,4,30,2017,3,31,2015,1,2,1
500361,561649,374135,10,112.0,female,4,0,0,120,627,627,0.0,0.75,0.0,4,368,112,73,106,1716,909,547572.597,2016,12,20,2017,5,16,2017,3,31,2016,12,20,0
505412,567161,1384349,12,7.0,female,3,0,0,510,2533,3427,0.0,1.0,0.0,23,583,275,199,158,2349,2070,699833.2680000002,2012,9,24,2017,5,5,2017,3,2,2015,1,1,0
507644,569646,1319580,11,786.0,female,9,0,0,784,3874,4023,0.0,1.0,0.0,27,1143,259,140,115,3077,3101,755649.2349999999,2004,8,13,2017,4,10,2017,3,21,2015,5,21,0
509894,572157,5528152,5,106.0,male,9,0,0,820,3576,3576,0.0,0.0,0.0,2,991,248,192,169,7110,8022,1702871.174,2009,2,8,2018,4,14,2017,3,24,2016,1,12,1
510656,573052,4145703,22,106.0,female,9,0,0,603,2980,3129,0.0,1.0,0.0,21,505,111,84,69,1749,1724,484530.765,2012,3,8,2017,5,9,2017,3,12,2015,1,1,0
515661,578583,5902274,5,105.0,female,9,0,0,784,3874,4023,0.0,1.0,0.0,27,7987,1015,751,667,15469,17658,4053575.059999999,2006,2,24,2017,4,13,2017,3,29,2015,1,1,0
515923,578873,1791635,5,106.0,male,3,0,0,150,748,748,0.0,0.0,0.0,5,1159,368,182,195,17051,12777,4514772.908,2016,11,5,2017,4,12,2017,3,31,2016,11,5,1
518883,582252,6107274,13,931.0,male,9,0,0,603,2980,3129,0.0,1.0,0.0,21,2833,1428,724,569,12321,14586,3569415.443000001,2011,11,11,2017,5,3,2017,3,31,2015,1,1,1
519084,582473,113380,15,1032.0,female,7,0,0,900,4130,4130,0.0,1.0,0.0333333333333333,30,2681,550,392,445,10139,10986,2846448.542999999,2012,1,15,2017,4,17,2017,3,31,2015,1,2,0
521078,584718,1981230,15,104.0,female,4,0,1,420,2086,2086,0.0,0.0,0.0,14,1215,449,161,154,2997,3932,848862.0080000001,2015,11,30,2017,5,14,2017,3,31,2015,11,30,0
525663,589687,4469541,6,1032.0,male,7,0,0,810,4023,3843,0.0447427293064877,1.0,0.0,27,744,251,155,149,4374,4664,1214411.869,2011,4,8,2017,4,18,2017,3,28,2015,1,14,1
528390,592668,4330859,21,7.0,male,9,0,0,510,2533,3427,0.0,1.0,0.0,23,15,9,4,3,153,171,41756.356,2012,4,4,2017,4,30,2017,1,8,2015,1,19,1
528426,592711,2046287,18,105.0,male,7,0,0,900,3510,3480,0.0067114093959731,1.0,0.0666666666666666,30,1710,239,170,279,19760,19542,5022652.204000002,2012,5,27,2017,4,4,2017,3,20,2015,1,3,1
528980,593310,1977301,14,1034.0,female,7,0,0,810,2973,3102,0.0,1.0,0.0357142857142857,28,109,55,52,40,1945,1587,521035.7790000001,2011,2,25,2017,4,7,2017,3,26,2015,1,1,0
535963,601125,627972,6,4.0,male,9,0,0,633,3129,3129,0.0476190476190476,1.0,0.0454545454545454,22,3185,447,304,397,10676,13143,2929873.4780000006,2011,4,15,2017,5,4,2017,3,31,2015,1,1,1
536424,601644,4449359,1,104.0,female,4,0,0,240,1440,1440,0.0,1.0,0.0,8,873,192,149,131,2410,3346,679639.7549999998,2016,8,24,2017,5,14,2017,3,16,2016,8,24,0
538136,603613,6682272,1,103.0,female,3,1,0,870,4023,4023,0.0,0.0,0.0,7,4050,537,475,515,11941,6816,3125339.649,2014,8,21,2017,8,27,2017,3,31,2015,1,2,0
539806,605447,3815128,13,1035.0,male,9,0,0,360,1788,1788,0.0,1.0,0.0,12,887,254,140,171,4913,4368,1280012.576,2015,11,21,2017,5,21,2017,3,31,2015,11,22,1
540361,606097,2702823,20,117.0,male,9,0,0,603,2980,3129,0.0,1.0,0.0,21,4195,3938,3385,1399,4169,15272,2282825.879,2006,9,13,2017,5,15,2017,3,22,2015,1,8,1
542173,608124,3403595,5,104.0,male,3,1,0,374,1669,1669,0.0,0.0,0.0,11,5756,1047,711,587,12468,12133,3509213.373999999,2014,12,15,2017,5,25,2017,3,31,2016,5,7,1
543617,609749,1734325,5,106.0,male,3,0,0,427,2460,2460,0.0,0.7333333333333333,0.0666666666666666,15,2464,639,523,540,18344,14065,4597257.717,2014,11,14,2017,4,1,2017,3,31,2015,1,13,1
544278,610537,2938853,1,112.0,female,3,1,0,30,180,180,0.0,0.0,0.0,1,66,5,7,4,35,88,9925.822,2016,7,1,2017,2,8,2017,1,18,2016,7,1,0
545801,612232,2666527,13,106.0,female,3,0,0,784,3874,4023,0.0,1.0,0.0,27,2443,631,201,188,3892,5041,1160035.055,2013,8,8,2017,4,10,2017,3,31,2015,1,5,0
548415,615086,4567946,1,112.0,female,7,0,0,840,3932,3932,0.0,1.0,0.0357142857142857,28,1010,173,123,164,1521,1548,466730.395,2012,7,16,2017,4,16,2017,3,30,2015,1,1,0
548452,615131,3513893,22,110.0,female,9,0,0,510,2533,3427,0.0,1.0,0.0,23,3106,1065,760,565,17710,17324,4722805.572000001,2006,1,2,2017,4,30,2017,3,31,2015,1,2,0
548838,615566,4038542,15,821.0,female,3,0,1,782,3874,3874,0.0,1.0,0.0384615384615384,26,1067,513,260,173,9302,7544,2279228.4790000007,2015,3,8,2017,4,24,2017,3,31,2015,3,8,0
550453,617389,1921843,3,1970.0,female,3,0,0,752,3725,3725,0.04,1.0,0.0,26,120,34,23,4,110,282,37635.699,2015,2,9,2017,4,25,2017,2,21,2015,2,9,0
552628,619739,4118120,1,112.0,female,4,0,0,150,900,900,0.0,1.0,0.0,5,303,185,58,45,1264,1377,342735.3829999999,2016,11,12,2017,4,19,2017,3,31,2016,11,12,0
554434,621731,6695361,22,1.0,male,7,0,0,240,792,792,0.0,1.0,0.0,8,233,120,163,113,1137,1588,358331.3449999999,2014,8,3,2017,4,11,2017,3,31,2016,8,12,1
557114,624720,165389,1,112.0,male,7,0,0,390,1287,1287,0.0,1.0,0.0,13,243,45,33,25,865,1071,219956.46200000003,2016,3,25,2017,4,24,2016,12,6,2016,3,25,1
557198,624819,2074852,15,117.0,female,9,1,0,510,2533,2533,0.0,0.0,0.0,17,605,461,292,154,606,1987,280147.1210000001,2013,8,17,2017,3,26,2017,3,25,2015,1,1,0
558831,626610,2391350,4,106.0,male,9,1,0,157,869,869,0.0,0.0,0.0,6,638,94,79,110,3185,2831,855876.4430000001,2012,11,28,2017,2,2,2017,2,3,2015,1,24,1
559707,627607,805357,5,114.0,female,9,1,0,1085,3699,3699,0.0,0.0,0.0,3,4067,1100,582,627,16421,21092,4361372.740000001,2006,1,21,2018,2,1,2017,3,31,2015,1,4,0
564103,632431,5866813,15,112.0,male,3,0,0,330,1639,1639,0.0,1.0,0.0,11,1612,336,265,301,5757,6898,1596750.8220000004,2015,7,24,2017,5,3,2017,3,30,2015,7,24,1
564183,632515,4696071,15,129.0,male,9,0,0,570,2831,2831,0.0,1.0,0.0,19,4346,1034,805,985,33731,15155,8547736.15,2015,9,24,2017,4,25,2017,3,31,2015,9,24,1
564438,632803,4409035,1,111.0,male,4,1,0,240,1192,1192,0.0,0.0,0.0,8,426,165,120,92,774,1172,240536.052,2015,11,15,2017,4,17,2017,3,23,2015,11,15,1
564731,633132,2084365,18,117.0,male,4,0,0,210,1043,1043,0.0,1.0,0.0,7,329,156,108,28,779,1266,223777.90099999995,2016,10,17,2017,5,19,2017,3,31,2016,10,17,1
566697,635270,2647873,22,112.0,male,7,1,0,547,2682,2831,0.0,0.95,0.1,20,265,227,193,933,8281,9558,2402736.1180000007,2012,8,21,2017,5,28,2016,3,30,2015,1,1,1
572672,642013,4079447,8,950.0,female,3,0,0,784,3874,4023,0.0,1.0,0.0,27,29,14,4,5,258,278,72406.04600000002,2014,9,11,2017,4,13,2015,6,7,2015,1,6,0
573405,642807,3447614,5,106.0,female,9,1,0,420,1370,1370,0.0,0.0,0.0,4,1533,392,291,286,9014,9546,2406807.303,2009,1,18,2017,3,31,2017,3,31,2015,4,23,0
574394,643908,6504857,22,101.0,male,4,0,0,300,1738,1738,0.0,0.2,0.1,10,622,198,90,107,1124,1593,364110.23800000007,2016,2,22,2017,3,29,2017,3,30,2016,2,22,1
575180,644773,1248316,22,112.0,male,3,1,0,127,447,447,0.0,0.0,0.0,5,78,15,5,9,53,94,19544.48,2015,12,9,2017,3,14,2017,3,15,2015,12,9,1
575265,644859,4372344,13,119.0,male,9,0,0,510,2533,2533,0.0,1.0,0.0,17,912,268,215,322,13191,8509,3360277.933,2015,12,13,2017,4,30,2017,3,31,2015,12,13,1
578866,648821,3733564,13,105.0,male,3,1,0,30,149,149,0.0,0.0,0.0,1,233,46,36,38,559,660,166661.04799999998,2014,1,27,2017,2,19,2017,2,20,2017,1,20,1
579789,649855,3320625,4,117.0,male,9,0,0,814,4023,4023,0.037037037037037,1.0,0.0357142857142857,28,1065,340,305,439,19222,7799,70869155.537,2007,3,28,2017,4,20,2017,3,30,2015,1,1,1
583209,653592,2872349,1,106.0,male,3,0,0,740,3768,3768,0.0,0.75,0.0,12,1045,336,143,167,7292,7644,1929893.8070000007,2015,4,6,2017,5,17,2017,3,31,2015,4,6,1
584813,655422,3930120,22,128.0,female,9,0,0,603,2980,3129,0.0,1.0,0.0,21,6936,955,586,622,10000,14764,2762499.8179999995,2012,2,6,2017,5,8,2017,3,25,2015,1,1,0
586623,657415,2250680,8,117.0,male,9,0,0,603,2980,3129,0.0,1.0,0.0,21,2671,1317,651,1406,13976,18712,4026350.517,2011,2,27,2017,5,1,2017,3,31,2015,1,1,1
589110,660120,765353,13,5.0,female,9,0,0,846,4172,4172,0.0,1.0,0.0357142857142857,28,3328,1222,519,441,24342,21117,6519347.079,2008,2,2,2017,4,15,2017,3,31,2015,1,5,0
589225,660262,593620,9,120.0,male,9,1,0,540,1608,1608,0.0,0.0,0.0,3,741,81,48,43,1316,2041,381047.1,2016,1,22,2017,9,10,2017,3,31,2016,1,31,1
589611,660694,2816364,13,10.0,female,3,0,0,480,2384,2384,0.0,0.0,0.0,16,2248,627,573,637,15743,10251,4451684.855,2012,9,10,2017,4,1,2017,3,31,2015,10,23,0
591428,662743,4308018,22,7.0,male,3,0,0,240,1192,1192,0.0,0.0,0.0,8,509,214,120,125,749,870,257355.284,2013,6,13,2017,4,4,2017,3,31,2016,1,19,1
591846,663188,330730,1,105.0,male,3,1,0,134,447,447,0.0,0.0,0.0,3,291,124,51,43,1125,1339,324543.4870000001,2015,2,24,2017,3,28,2017,3,30,2015,2,24,1
594239,665792,948148,5,112.0,male,3,0,0,570,2831,2831,0.0,0.0,0.0,19,4422,657,385,415,10946,15559,2920203.287,2015,6,10,2017,3,24,2017,3,24,2015,6,10,1
594976,666588,2444804,1,101.0,female,4,1,0,180,1080,1080,0.0,1.0,0.1666666666666666,6,889,142,115,83,1659,2760,488404.4920000002,2016,8,21,2017,2,8,2017,1,10,2016,8,28,0
599945,672084,4755471,14,112.0,male,3,0,0,815,4023,3874,0.074074074074074,1.0,0.0357142857142857,28,789,388,255,365,9287,8328,2611993.2349999994,2014,12,30,2017,4,13,2017,3,7,2015,1,1,1
600833,673120,2820762,5,103.0,male,7,0,0,60,200,200,0.0,1.0,0.0,2,1789,671,252,113,1184,3030,463048.1260000001,2017,2,19,2017,4,19,2017,3,31,2017,2,20,1
603422,675973,2993383,22,105.0,female,4,0,0,240,1440,1440,0.0,0.0,0.0,8,597,207,126,120,6336,6585,1721815.9069999997,2016,8,7,2017,4,19,2017,3,31,2016,8,7,0
604066,676665,877560,13,153.0,female,3,0,0,633,3129,3278,0.0,1.0,0.0909090909090909,22,1939,685,620,525,16352,13519,4426552.844999999,2013,2,15,2017,4,17,2017,3,31,2015,1,1,0
607134,679972,5542021,15,1041.0,female,9,0,0,570,2831,3576,0.0,1.0,0.0416666666666666,24,473,128,58,111,3985,3085,901265.854,2011,10,25,2017,4,30,2017,3,30,2015,1,5,0
607303,680168,2685622,15,101.0,male,4,0,0,420,2430,2430,0.0,0.0,0.0,14,1407,1063,592,385,10274,11667,2735463.4289999995,2015,11,25,2017,4,4,2017,3,30,2015,11,25,1
607641,680524,380118,11,101.0,male,4,1,0,330,1980,1260,0.3636363636363636,0.6363636363636364,0.0909090909090909,11,128,23,10,15,669,694,200104.935,2016,7,29,2017,2,11,2017,1,15,2016,7,29,1
608561,681498,1892252,1,111.0,male,4,1,0,60,298,298,0.0,0.0,0.0,2,206,75,49,48,1154,1017,302922.7569999999,2016,9,16,2017,3,30,2017,3,30,2016,9,16,1
610265,683420,3572540,9,106.0,female,9,0,0,180,1080,1080,0.0,1.0,0.0,6,119,14,12,6,229,250,68262.013,2007,5,19,2017,4,4,2017,3,28,2016,10,4,0
612823,686257,781822,22,6.0,male,9,0,0,510,2533,3427,0.0,1.0,0.0,23,3024,766,637,397,17293,17535,4563089.87,2011,3,22,2017,4,30,2017,3,30,2015,1,1,1
615496,689258,2039090,5,934.0,male,3,0,0,815,4023,4023,0.0,1.0,0.0,27,640,156,119,107,1331,1952,362891.0080000001,2013,3,10,2017,4,26,2017,3,25,2015,1,31,1
616266,690125,268569,5,1033.0,male,7,0,0,810,4023,4023,0.0,1.0,0.0,27,2522,794,465,454,14506,12314,3921367.629999999,2010,9,20,2017,4,21,2017,3,31,2015,1,1,1
616905,690849,1209523,5,1.0,male,7,0,0,240,792,792,0.0,1.0,0.0,8,369,154,147,136,4495,3891,1219292.2490000003,2016,8,22,2017,4,22,2017,3,27,2016,8,23,1
617200,691191,6265153,14,117.0,female,9,1,0,423,2148,2297,0.0,0.8666666666666667,0.0666666666666666,15,3707,929,729,836,34690,20317,9311986.78,2004,11,16,2017,3,15,2017,3,13,2015,1,1,0
618577,692689,2782910,1,112.0,male,4,1,0,30,149,149,0.0,0.0,0.0,1,61,15,15,14,461,504,120420.56800000004,2017,1,5,2017,2,8,2017,2,5,2017,1,5,1
619457,693655,1834373,4,106.0,female,9,0,0,330,1639,1639,0.0,1.0,0.1818181818181818,11,1019,324,130,183,23656,19314,5968007.775,2016,7,23,2017,4,26,2017,3,31,2016,7,26,0
620629,694934,1030877,11,2.0,male,9,0,0,814,4023,4023,0.0,1.0,0.0,27,1178,251,213,176,17504,8082,4451383.922,2014,8,21,2017,4,21,2017,3,30,2015,1,1,1
622556,697098,5927043,12,321.0,male,4,1,0,605,2682,2682,0.0,0.0,0.0,2,306,88,78,137,2008,1501,562001.5780000001,2016,8,21,2018,4,30,2017,3,30,2016,8,21,1
624820,699613,5233099,15,7.0,male,3,0,0,157,745,745,0.0,0.0,0.0,6,304,86,57,44,1181,963,341763.052,2012,6,14,2017,4,16,2017,3,31,2016,10,29,1
631008,706475,4851508,5,133.0,male,9,0,0,510,2533,3427,0.0,1.0,0.0,23,2109,541,368,343,8087,10079,2295475.302999999,2011,11,4,2017,4,30,2017,3,30,2015,1,1,1
631646,707170,6246125,13,101.0,female,4,0,0,187,894,894,0.0,0.8571428571428571,0.0,7,233,16,11,34,848,836,198229.519,2016,7,18,2017,5,16,2017,3,31,2016,11,17,0
631854,707406,3043629,4,5.0,female,9,0,0,603,2980,3129,0.0,1.0,0.0,21,443,201,104,90,12661,11097,3112274.117,2012,6,5,2017,5,7,2016,7,29,2015,1,5,0
632616,708270,3972216,1,102.0,female,3,0,0,240,1192,1192,0.0,0.0,0.0,8,1059,99,59,110,4198,3450,1000957.1350000002,2016,8,5,2017,4,8,2017,3,30,2016,8,5,0
633957,709718,4417152,1,112.0,male,3,1,0,60,360,360,0.0,0.0,0.0,2,133,13,14,6,173,256,41996.907,2016,8,19,2017,3,10,2017,3,25,2016,8,19,1
635621,711557,5788051,13,109.0,male,3,1,0,420,1872,1723,0.1666666666666666,0.6666666666666666,0.1666666666666666,6,691,196,121,149,5713,5874,1416234.856,2016,7,20,2017,8,21,2017,3,31,2016,7,20,1
638248,714445,4827649,13,102.0,male,3,0,0,510,2533,2533,0.0,0.0,0.0,17,2282,416,204,212,1973,4009,609448.723,2015,8,13,2017,4,25,2017,3,27,2015,8,13,1
640232,716556,672889,13,107.0,female,3,0,0,753,3728,4027,0.0,0.8518518518518519,0.037037037037037,27,519,192,109,108,8101,8178,2026664.6170000003,2013,1,6,2017,4,11,2017,3,26,2015,1,1,0
646299,723179,5643367,5,9.0,female,9,0,0,821,4054,4203,0.0,0.3793103448275862,0.1034482758620689,29,5774,1276,970,1184,25395,17922,6186592.181000001,2010,8,14,2017,4,21,2017,3,31,2015,1,1,0
646578,723508,5174212,13,106.0,male,9,0,0,510,2533,3427,0.0,1.0,0.0,23,3420,1346,1000,783,7050,8288,2197001.76,2008,6,10,2017,4,30,2017,3,30,2015,1,5,1
648845,726040,5034130,22,103.0,female,9,0,0,784,3874,4023,0.0,1.0,0.0,27,2345,1992,1439,1124,12621,5398,3640046.095,2007,10,14,2017,4,5,2017,3,31,2015,1,1,0
650088,727439,1064039,22,106.0,female,9,0,0,570,3180,3180,0.0,0.0,0.0,19,1657,453,241,136,6563,6013,1701946.6060000004,2015,6,25,2017,4,14,2017,3,30,2015,6,25,0
653231,730886,255569,14,112.0,male,3,1,0,90,447,298,0.3333333333333333,1.0,0.3333333333333333,3,393,169,103,127,1057,1504,330185.57,2015,4,27,2017,2,28,2017,2,10,2015,4,27,1
657067,735186,5670420,15,112.0,male,3,1,0,600,3180,3180,0.0,0.0,0.0,20,787,292,211,167,7190,8217,1896059.7300000004,2015,6,12,2017,8,12,2017,3,25,2015,12,20,1
661169,739663,3861040,5,3.0,female,9,0,0,603,2980,3129,0.0,1.0,0.0,21,2733,373,169,196,3457,6277,1016352.831,2010,10,6,2017,5,10,2017,3,31,2015,1,18,0
662211,740794,2396729,6,106.0,male,7,0,0,780,3174,3323,0.0,1.0,0.037037037037037,27,285,69,37,32,826,1105,221752.653,2013,3,27,2017,4,13,2017,3,22,2015,1,20,1
663541,742282,421637,13,1028.0,male,9,0,0,694,3427,3576,0.0,1.0,0.0416666666666666,24,2189,3512,1662,1225,2819,8949,1497807.0940000005,2013,3,7,2017,5,17,2017,3,30,2015,1,3,1
664481,743384,2890057,13,810.0,male,3,1,0,753,3756,3756,0.04,1.0,0.0384615384615384,26,326,172,112,187,876,1452,333767.174,2014,10,7,2017,4,4,2017,3,22,2015,2,1,1
664509,743413,1416353,5,1421.0,male,4,0,0,97,447,447,0.0,0.75,0.0,4,276,54,39,36,2391,1674,606377.659,2016,12,24,2017,4,20,2017,3,31,2016,12,24,1
666214,745236,518158,13,109.0,male,9,1,0,390,1937,1937,0.0,0.0,0.0,13,1514,461,203,118,16490,17371,4274131.2590000015,2013,12,7,2017,2,9,2017,2,3,2015,1,1,1
669578,748929,4983722,22,8.0,female,9,0,0,603,2980,3129,0.0,1.0,0.0,21,1284,452,284,185,10739,11525,2855831.438,2014,8,7,2017,5,7,2017,3,31,2015,1,1,0
671413,751003,526389,4,7.0,female,9,0,0,240,1192,1192,0.0,1.0,0.0,8,1297,413,151,331,3196,4823,952887.5049999998,2011,10,4,2017,3,31,2017,3,31,2016,8,1,0
672278,751953,4099069,6,102.0,female,3,0,0,180,774,774,0.0,1.0,0.0,6,3,0,0,1,0,3,305.789,2016,10,7,2017,4,20,2016,10,22,2016,10,22,0
672280,751955,599742,1,102.0,male,4,1,0,30,149,149,0.0,0.0,0.0,1,106,49,17,21,147,267,47323.521,2016,10,8,2017,2,21,2017,2,22,2016,10,9,1
673267,753017,217039,4,101.0,male,7,0,0,270,891,891,0.0,1.0,0.0,9,471,141,74,91,2545,2907,651284.6250000001,2016,7,19,2017,4,19,2017,3,29,2016,7,20,1
673636,753423,2830879,13,117.0,male,3,0,0,603,2980,3129,0.0,1.0,0.0,21,2245,684,308,231,14874,15537,3701978.258,2013,2,10,2017,5,23,2017,3,31,2015,1,1,1
675608,755573,5874502,14,107.0,female,3,1,0,585,2682,2682,0.0,0.0,0.0,3,766,961,313,181,1286,3052,479780.515,2015,4,30,2017,3,20,2017,3,18,2015,4,30,0
675765,755733,5306176,15,102.0,male,4,0,0,390,1937,1937,0.0,1.0,0.0,13,98,52,28,6,14,161,13366.39,2016,3,7,2017,4,9,2016,6,25,2016,3,7,1
676720,756799,279642,12,117.0,female,9,1,0,760,3800,3800,0.0,0.0,0.0,11,777,164,62,56,3310,2809,802073.8150000001,2012,6,25,2017,4,26,2017,3,19,2015,1,3,0
678701,758996,4765850,1,112.0,female,3,0,0,487,2634,2634,0.0,0.0,0.0,17,1758,397,278,279,28232,14155,6834873.326999999,2014,8,19,2017,4,27,2017,3,31,2015,3,28,0
678745,759052,3882814,13,105.0,male,3,0,0,661,3402,3551,0.0,1.0,0.0434782608695652,23,187,41,23,27,2747,2932,744616.2649999997,2013,6,23,2017,4,3,2017,3,28,2015,3,11,1
678888,759201,4310311,4,112.0,male,3,1,0,90,447,447,0.0,0.0,0.0,3,458,106,82,110,1078,1074,315163.5050000001,2016,2,18,2017,2,27,2017,2,27,2016,2,19,1
680998,761569,6309145,5,106.0,male,4,1,0,300,1800,1800,0.0,0.0,0.0,10,889,109,97,88,5025,4855,1326967.5889999997,2016,1,19,2017,4,9,2017,2,27,2016,1,19,1
682336,763035,6088063,4,7.0,female,9,0,0,607,3073,3222,0.0,0.0,0.0,22,2493,398,238,283,8770,9692,2225680.8160000006,2011,4,17,2017,4,18,2017,3,26,2015,1,1,0
682887,763660,27999,14,1052.0,female,3,0,0,900,2680,2680,0.0,0.0,0.0,5,3628,1012,739,868,20959,18221,5756641.647999998,2012,12,12,2017,8,13,2017,3,31,2015,1,1,0
687001,768200,5460038,15,6.0,female,7,0,0,420,1386,1386,0.0,1.0,0.0,14,522,220,145,302,3593,4106,1044187.996,2014,1,18,2017,4,4,2017,3,31,2016,2,5,0
688706,770083,5918068,4,3.0,female,7,0,0,780,3874,4023,0.0,1.0,0.0,27,650,577,238,243,3953,2479,1131538.279,2012,3,29,2017,5,1,2017,3,27,2015,1,8,0
689120,770556,4141444,4,101.0,male,4,0,0,150,745,745,0.0,0.0,0.0,5,3306,400,326,248,3766,4909,1111182.33,2016,7,20,2017,4,8,2017,3,30,2016,7,20,1
690383,771931,5545920,4,117.0,male,9,0,1,247,1192,1192,0.0,0.0,0.0,9,1857,461,288,245,1911,3971,634407.3809999999,2007,10,14,2017,4,20,2017,3,31,2016,6,14,1
692698,774456,1260584,17,106.0,female,7,0,0,600,1980,1980,0.0,1.0,0.0,20,3026,688,454,584,8303,9958,2407450.6240000003,2013,12,19,2017,4,27,2017,3,31,2015,11,17,0
692719,774479,5725351,22,112.0,male,3,0,0,815,4023,4023,0.0,1.0,0.074074074074074,27,7144,1409,904,665,13585,17966,3859606.122999999,2014,1,5,2017,5,21,2017,3,31,2015,1,1,1
692988,774777,908564,22,1.0,female,7,1,0,420,1386,1386,0.0,1.0,0.0714285714285714,14,786,331,264,203,13680,11414,2630780.832,2016,3,4,2017,4,3,2017,3,31,2016,3,4,0
694614,776584,5052565,20,107.0,male,3,1,0,240,1440,1440,0.0,0.0,0.0,8,665,77,56,50,3602,3877,912889.06,2013,6,17,2017,4,13,2017,3,31,2016,7,22,1
696183,778315,4777769,4,10.0,male,9,0,0,510,2533,3427,0.0,1.0,0.0,23,1304,410,279,248,21977,22863,5568008.595000001,2009,7,18,2017,4,30,2017,3,31,2015,1,1,1
696917,779136,1525184,15,106.0,female,3,1,0,513,2595,2744,0.0,0.8888888888888888,0.0555555555555555,18,1877,1971,1202,1213,15365,18958,4713001.632999999,2012,11,2,2017,4,8,2017,3,30,2015,1,1,0
700068,782617,425397,22,103.0,male,3,1,0,605,2682,2682,0.0,0.0,0.0,2,82,31,21,24,2066,2128,576523.7179999999,2012,12,10,2017,3,10,2017,2,12,2015,1,2,1
701901,784664,5955539,4,117.0,male,9,0,0,570,2831,2682,0.0526315789473684,0.65,0.05,20,9532,1661,1039,1225,7526,17253,2543189.857,2007,6,9,2017,5,1,2017,3,31,2015,1,1,1
703908,786889,2032688,6,116.0,male,9,0,0,210,954,954,0.0,0.0,0.0,2,994,193,132,152,1984,3067,592703.2389999998,2007,5,25,2017,5,20,2017,3,31,2016,10,17,1
704141,787154,3821073,5,112.0,male,4,1,0,200,960,960,0.0,0.0,0.0,2,621,88,67,60,1364,1072,337338.35299999994,2016,6,22,2017,7,3,2017,3,31,2016,6,22,1
706721,789940,2552021,4,7.0,male,3,1,0,480,2265,2265,0.0,0.0,0.0,3,4345,1326,748,721,10062,12053,2657720.7510000006,2012,10,26,2017,5,9,2017,3,31,2016,1,15,1
707016,790250,935716,9,103.0,male,7,0,0,660,3038,3038,0.0,1.0,0.0,22,156,23,9,10,48,157,19193.372,2015,6,24,2017,4,23,2016,5,18,2015,6,24,1
707306,790559,503230,22,10.0,female,7,0,0,450,1585,1287,0.1333333333333333,1.0,0.0666666666666666,15,111,24,21,10,3059,3100,801180.5619999998,2016,3,8,2017,4,7,2017,3,28,2016,3,21,0
707374,790637,5709662,1,106.0,male,3,1,0,30,180,180,0.0,0.0,0.0,1,648,145,43,32,240,914,95436.254,2015,1,24,2017,3,7,2017,3,5,2017,2,8,1
708737,792159,5762870,5,101.0,male,4,1,0,120,596,596,0.0,0.0,0.0,4,1013,117,61,51,929,1697,244427.707,2016,9,27,2017,2,20,2017,2,13,2016,9,28,1
711468,795224,2259917,13,5.0,male,3,0,0,783,3874,4023,0.0384615384615384,1.0,0.0714285714285714,28,158,57,42,74,3802,3165,974437.63,2013,3,31,2017,4,21,2017,3,30,2015,1,1,1
711916,795727,5505806,22,106.0,female,9,0,0,510,2533,3427,0.0,1.0,0.0,23,61,15,5,6,276,314,75518.64900000002,2006,3,30,2017,4,30,2016,11,19,2015,1,17,0
712820,796737,4817888,13,106.0,male,9,0,0,330,1825,1825,0.0,0.4545454545454545,0.0909090909090909,11,209,76,57,74,4404,3414,1177653.6309999998,2010,9,16,2017,4,28,2017,3,31,2015,1,1,1
713086,797025,3690189,14,106.0,male,3,0,0,360,1920,2070,0.0,0.0,0.0,13,1323,279,177,151,7228,6562,1838566.4930000007,2015,1,3,2017,4,15,2017,3,30,2015,1,3,1
714278,798345,2242310,5,112.0,female,3,0,0,510,2533,2533,0.0,0.0,0.0,17,3486,984,421,284,6989,9905,1976426.0150000004,2015,3,21,2017,4,20,2017,3,31,2015,3,21,0
715609,799775,699250,1,103.0,female,3,0,0,210,1260,1260,0.0,0.2857142857142857,0.0,7,663,359,255,66,18323,15366,4243401.977,2016,2,16,2017,4,13,2017,3,30,2016,8,21,0
717273,801606,3537051,5,1.0,female,7,0,0,390,1287,1287,0.0,1.0,0.0,13,1277,446,319,284,12281,11440,2961635.109,2016,3,2,2017,4,1,2017,3,31,2016,3,31,0
717579,801938,539119,4,112.0,male,4,0,0,510,2880,2880,0.0,0.0,0.0,17,5643,694,563,731,10946,15033,2987277.336,2015,10,16,2017,4,14,2017,3,31,2015,10,16,1
718427,802856,3665304,22,117.0,male,9,0,0,603,2980,3129,0.0,1.0,0.0,21,2968,980,526,339,4228,5841,1492024.2840000002,2010,11,3,2017,5,8,2017,3,31,2015,1,1,1
720665,805316,6354738,6,111.0,male,9,0,0,217,1043,1043,0.0,0.875,0.0,8,678,190,127,110,4047,3450,1058030.665,2011,7,20,2017,4,7,2017,3,30,2016,9,4,1
721260,805981,3130003,5,103.0,female,3,0,0,120,596,596,0.0,0.0,0.0,4,247,53,28,21,233,541,70194.085,2015,2,27,2017,4,2,2017,3,26,2015,2,28,0
721524,806265,3055935,15,1033.0,female,7,0,0,900,3600,3600,0.0,1.0,0.0666666666666666,30,2454,942,434,3543,17562,21821,5317447.246000001,2010,9,17,2017,4,24,2017,3,31,2015,1,1,0
726582,811862,4423670,5,105.0,male,3,1,0,97,510,510,0.0,0.0,0.0,4,436,184,102,57,674,1191,229732.16500000007,2014,10,4,2017,4,6,2017,3,30,2015,3,19,1
727325,812663,682207,3,106.0,female,9,0,0,127,596,596,0.0,0.0,0.0,5,1648,544,298,356,2725,3778,891608.8209999999,2014,8,11,2017,4,8,2017,3,31,2015,1,1,0
728447,813887,1802174,15,117.0,female,9,0,0,510,2533,3427,0.0,1.0,0.0,23,1092,272,189,362,7920,7329,1927462.234,2008,9,28,2017,4,30,2017,3,31,2015,1,1,0
729605,815143,5478350,11,101.0,male,4,1,0,180,1018,1018,0.0,0.3333333333333333,0.1666666666666666,6,1448,74,61,49,3705,4531,985498.2240000002,2016,6,15,2017,2,20,2017,2,18,2016,6,15,1
732893,818760,4505905,13,944.0,male,9,0,0,360,2036,2036,0.0,0.0,0.0,12,4498,618,328,341,16769,16317,3925557.9589999993,2016,2,11,2017,4,4,2017,3,31,2016,2,11,1
733082,818986,1458401,14,1036.0,male,7,1,0,420,1386,1386,0.0,1.0,0.0714285714285714,14,273,80,56,60,5598,4304,1481480.668,2011,11,9,2017,2,16,2017,2,8,2016,1,17,1
734566,820610,1344444,13,1.0,male,4,1,0,210,1043,1043,0.0,0.0,0.0,7,1832,672,375,489,4135,4761,1271922.5749999995,2016,6,21,2017,2,17,2017,2,14,2016,6,21,1
737396,823791,2364901,17,116.0,female,9,1,0,510,2533,3427,0.0,1.0,0.0434782608695652,23,5075,965,592,663,11814,14650,3075979.519999999,2007,11,17,2017,3,31,2017,3,5,2015,1,1,0
740375,827048,892942,1,112.0,male,3,0,0,210,1260,1260,0.0,0.4285714285714285,0.0,7,905,136,63,94,1293,2183,392042.5890000002,2016,8,31,2017,4,12,2017,3,31,2016,8,31,1
741717,828544,5983573,15,1008.0,male,3,0,0,603,2980,3129,0.0,1.0,0.0,21,132,113,98,84,1015,1376,299023.27800000005,2013,10,25,2017,5,22,2017,1,6,2015,1,5,1
744862,831976,2163795,1,8.0,female,9,0,0,390,1937,1937,0.0,0.0,0.0,13,1462,800,562,532,11867,11601,3192219.57,2013,7,12,2017,4,4,2017,3,31,2015,7,9,0
745519,832745,2459611,5,102.0,female,7,0,0,600,1980,1980,0.0,1.0,0.0,20,2,1,0,0,1,4,288.658,2015,8,22,2017,4,22,2015,10,29,2015,8,25,0
746509,833833,290178,13,132.0,male,9,0,0,120,596,596,0.0,1.0,0.0,4,333,72,61,52,1701,1890,425990.7060000002,2016,12,17,2017,4,16,2017,3,30,2016,12,17,1
748160,835659,2155442,14,7.0,male,4,1,0,151,657,657,0.0,0.0,0.0,3,526,56,42,44,1373,1015,387095.2489999999,2016,9,2,2018,2,5,2017,3,5,2016,9,2,1
748240,835742,4563100,4,106.0,male,7,1,0,750,3225,3354,0.0,1.0,0.0384615384615384,26,124,14,10,7,364,470,83011.272,2010,10,6,2017,2,6,2017,1,19,2015,1,11,1
749176,836803,1297745,4,109.0,male,9,1,0,180,536,536,0.0,0.0,0.0,1,75,51,31,34,1687,1716,458382.795,2016,9,23,2017,3,25,2017,3,26,2016,9,24,1
750053,837787,790713,12,10.0,male,9,0,0,60,298,298,0.0,0.0,0.0,2,107,70,52,51,1820,1692,456043.272,2008,10,22,2017,4,13,2017,3,30,2017,1,10,1
753868,841987,5249816,22,106.0,female,9,0,0,60,200,200,0.0,1.0,0.0,2,189,34,23,13,369,507,107834.97000000002,2013,5,1,2017,4,2,2017,3,27,2017,1,5,0
755642,843971,4812633,4,106.0,male,9,0,0,603,2980,3129,0.0,1.0,0.0,21,1251,237,138,128,6440,6062,1638517.037,2011,10,15,2017,5,16,2017,3,31,2015,1,1,1
756162,844546,2060709,15,4.0,female,7,0,0,300,990,990,0.0,1.0,0.0,10,457,176,157,1099,18694,19127,5001537.851999999,2016,2,28,2017,4,30,2017,3,31,2016,2,29,0
757067,845552,6069739,15,3.0,male,7,1,0,390,1287,1287,0.0,1.0,0.0769230769230769,13,558,237,102,110,3579,3428,1016312.8850000004,2016,2,26,2017,2,26,2017,2,20,2016,2,27,1
757787,846337,1501438,10,107.0,male,4,0,0,60,298,298,0.0,1.0,0.0,2,144,32,19,30,679,626,172982.542,2017,2,10,2017,4,15,2017,3,31,2017,2,10,1
760290,849122,4404940,13,220.0,male,3,0,0,784,3874,4023,0.0,1.0,0.0,27,480,161,104,97,3244,1850,858684.565,2014,7,4,2017,4,9,2017,3,31,2015,1,22,1
761114,850061,195725,5,8.0,male,9,0,0,510,2533,3427,0.0,1.0,0.0,23,5,0,0,0,0,2,83.068,2013,3,11,2017,4,30,2015,6,3,2015,6,3,1
761259,850230,6174631,5,107.0,male,9,0,0,633,3253,3402,0.0,1.0,0.0909090909090909,22,1146,467,236,268,7320,7692,2023550.4240000008,2008,3,31,2017,4,24,2017,3,31,2015,1,2,1
763066,852202,5424412,5,102.0,female,9,1,0,67,298,298,0.0,0.0,0.0,3,173,94,42,26,431,587,127974.204,2007,6,12,2017,4,19,2017,3,31,2016,11,21,0
765396,854809,5981798,13,1.0,female,9,0,0,510,2533,3427,0.0,1.0,0.0,23,594,215,142,138,3643,3473,977626.544,2007,9,21,2017,4,30,2017,3,28,2015,1,1,0
766299,855810,494472,4,105.0,male,3,0,0,120,720,720,0.0,1.0,0.0,4,173,33,25,17,6680,1947,1647929.806,2015,3,8,2017,4,22,2017,3,30,2015,3,8,1
769104,858875,3857334,10,6.0,male,3,1,0,200,930,930,0.0,0.0,0.0,1,36,4,5,2,239,152,58254.046,2013,11,17,2017,2,1,2017,2,10,2016,7,16,1
769890,859761,343394,5,106.0,male,3,0,0,765,3731,3731,0.0,0.5555555555555556,0.0,9,3682,968,729,789,21392,23016,5838864.389000001,2013,9,20,2017,4,21,2017,3,31,2015,1,1,1
774931,865332,2396991,6,101.0,male,4,1,0,307,1490,1490,0.0,0.9090909090909092,0.0,11,296,134,77,89,1140,1504,338376.07099999994,2016,7,23,2017,6,1,2017,3,31,2016,7,23,1
775138,865544,3429572,1,111.0,male,3,0,0,90,447,447,0.0,0.0,0.0,3,653,178,128,83,1083,1541,310442.84299999994,2016,12,10,2017,4,6,2017,3,26,2016,12,11,1
777365,868017,5591157,13,1.0,female,4,0,0,507,2363,2363,0.0,0.4,0.2,5,931,286,165,116,2824,3697,742772.2579999999,2015,10,8,2018,3,19,2017,3,31,2015,10,8,0
777992,868686,325107,6,112.0,male,3,0,0,660,3278,3278,0.0,1.0,0.0454545454545454,22,1368,216,149,127,4172,5549,1149151.3850000002,2015,7,3,2017,4,15,2017,3,27,2015,7,3,1
780194,871092,5329188,15,104.0,female,4,0,0,330,1639,1639,0.0,1.0,0.0,11,2415,1090,495,692,5641,7883,1834548.654,2016,1,21,2017,5,24,2017,3,31,2016,1,21,0
781769,872863,2345140,14,1.0,male,7,0,0,780,3874,4023,0.0,1.0,0.0,27,542,305,249,227,3583,3014,1056037.896,2013,5,28,2017,4,27,2017,3,31,2015,1,1,1
782292,873404,3924671,14,104.0,male,4,0,0,210,1043,1043,0.0,0.0,0.0,7,974,330,180,123,1070,1981,346518.2899999999,2016,9,18,2017,5,3,2017,3,28,2016,9,18,1
785792,877230,6426236,13,103.0,male,4,0,0,240,1192,1192,0.0,1.0,0.0,8,287,43,25,40,788,934,223880.76,2016,2,9,2017,4,24,2017,3,27,2016,8,25,1
788552,880280,6280316,22,106.0,male,3,0,0,180,894,894,0.0,0.0,0.0,6,324,77,39,20,434,734,125650.222,2015,9,16,2017,3,18,2017,3,3,2015,9,16,1
791797,883793,502529,5,107.0,male,3,1,0,37,149,149,0.0,0.0,0.0,2,169,43,22,20,123,266,42081.489,2014,8,18,2017,3,8,2017,3,1,2015,1,2,1
791911,883923,5541167,15,9.0,male,3,0,0,120,720,720,0.0,0.75,0.0,4,210,47,27,36,1321,1399,329317.448,2012,9,23,2017,4,5,2017,3,31,2016,12,4,1
792434,884508,4572425,14,112.0,male,7,0,0,780,3354,3483,0.0,1.0,0.0,27,1544,383,326,327,13324,10037,3464155.948000001,2010,5,6,2017,4,8,2017,3,31,2015,1,4,1
794213,886442,4641625,6,105.0,male,9,1,0,507,2298,2298,0.0,0.0,0.0,5,187,47,31,29,2265,1553,573781.2590000001,2012,3,30,2017,3,4,2017,3,4,2015,1,20,1
794362,886619,2710083,13,130.0,female,9,0,0,603,2980,3129,0.0,1.0,0.0,21,1225,272,183,139,7761,8712,2068684.389,2013,12,23,2017,5,25,2017,3,29,2015,1,1,0
797593,890145,833756,22,117.0,male,9,0,0,604,2980,3129,0.0,1.0,0.0952380952380952,21,3344,1542,1379,1371,12391,14489,3843566.668,2011,10,24,2017,4,23,2017,3,31,2015,1,1,1
797800,890368,45593,15,112.0,male,3,0,0,420,2086,2086,0.0,1.0,0.0714285714285714,14,1499,554,378,561,12763,10907,3512710.279,2016,1,11,2017,4,23,2017,3,31,2016,1,11,1
804847,898156,4035124,13,106.0,male,9,0,0,420,2086,2086,0.0,1.0,0.0,14,393,174,148,140,7475,7403,2088404.438,2012,6,1,2017,4,15,2017,3,31,2015,1,2,1
806371,899821,1420422,5,10.0,male,9,0,0,820,3576,3576,0.0,0.0,0.0,2,3062,1005,575,896,15419,17079,4210074.407999999,2013,10,8,2018,4,11,2017,3,30,2015,1,1,1
808283,901945,4081642,5,117.0,female,9,0,0,570,2625,2625,0.0,0.4,0.0,5,998,304,190,182,4398,3890,1257116.8430000003,2010,10,1,2017,4,5,2017,3,31,2015,9,14,0
814671,909001,716338,13,178.0,female,3,0,0,603,2980,3129,0.0,1.0,0.0,21,3149,418,230,163,4930,7051,1203754.0649999997,2012,11,26,2017,5,18,2017,3,31,2015,1,2,0
814715,909047,2287941,5,117.0,female,9,0,0,510,2533,3427,0.0,1.0,0.0,23,1996,676,429,269,6568,8551,1957963.994,2008,4,17,2017,4,30,2017,3,27,2015,1,2,0
815649,910067,3865832,5,117.0,male,9,0,0,720,3892,4041,0.0,0.0,0.0,25,2040,654,339,340,13130,14498,3553272.713,2012,4,5,2017,4,13,2017,3,31,2015,1,1,1
817173,911810,2992966,5,1038.0,female,3,0,0,844,4172,4172,0.0,1.0,0.0357142857142857,28,159,36,22,13,1833,1722,468409.23900000006,2012,12,5,2017,4,19,2017,3,29,2015,1,11,0
820492,915422,6300452,5,942.0,female,9,0,0,660,3278,3129,0.0454545454545454,1.0,0.0,22,980,168,125,116,2844,3852,781096.0979999999,2012,1,11,2017,5,4,2017,3,29,2015,1,2,0
822068,917142,997906,13,9.0,male,7,0,0,390,1937,1937,0.0,1.0,0.0,13,5169,1434,1068,1006,23124,12854,5779205.337999997,2016,2,14,2017,4,13,2017,3,31,2016,2,14,1
824075,919344,6019347,11,106.0,male,3,0,0,393,2092,2241,0.0,1.0,0.0714285714285714,14,1196,400,268,838,4681,6463,1502054.617,2012,11,15,2017,4,5,2017,3,31,2015,1,1,1
825646,921069,3579715,18,112.0,male,7,0,0,780,3874,4023,0.0,1.0,0.0,27,384,135,84,71,3474,3071,957794.416,2013,8,28,2017,4,27,2016,12,4,2015,1,4,1
827149,922748,1961530,5,6.0,male,3,1,0,60,360,360,0.0,0.0,0.0,2,800,212,122,71,817,1197,246708.692,2013,4,20,2017,2,3,2017,2,25,2016,12,5,1
828188,923868,29529,13,928.0,female,3,0,0,211,1043,894,0.2,0.8,0.2,5,522,126,49,52,593,1030,182433.894,2014,7,1,2017,5,26,2017,3,30,2015,2,19,0
833449,929667,4021230,12,117.0,female,9,0,0,510,2533,2533,0.0,1.0,0.0,17,2585,670,487,416,9764,11766,2591683.919,2015,12,26,2017,5,3,2017,3,31,2015,12,26,0
834941,931307,2859529,8,112.0,male,4,1,0,30,180,180,0.0,0.0,0.0,1,61,3,4,1,5,47,3725.392,2016,10,13,2017,2,2,2017,1,3,2016,10,14,1
836526,933062,5232851,1,105.0,female,7,0,0,120,396,396,0.0,1.0,0.0,4,151,45,16,18,2448,2084,557507.3169999998,2016,12,15,2017,4,15,2017,3,31,2016,12,17,0
836715,933275,6761280,13,1038.0,female,7,0,0,810,3483,3483,0.0,1.0,0.0,27,445,110,81,106,6863,5843,2060194.7099999995,2010,6,23,2017,4,23,2017,3,15,2015,1,2,0
837228,933851,2060194,5,112.0,male,4,0,1,127,596,596,0.0,0.0,0.0,5,116,30,11,17,260,365,70840.621,2015,11,9,2017,4,22,2017,2,28,2015,11,10,1
839993,936868,6632016,1,101.0,male,3,0,0,120,596,596,0.0,0.0,0.0,4,120,39,25,36,2916,2646,731117.039,2016,6,22,2017,3,21,2017,3,23,2016,6,23,1
843056,940157,4346429,13,1.0,female,7,0,0,540,1782,1782,0.0,1.0,0.0,18,2153,688,584,480,12890,14914,3332560.1280000005,2015,10,4,2017,4,4,2017,3,31,2015,10,5,0
845314,942588,1839316,5,106.0,female,7,0,0,540,1782,1782,0.0,1.0,0.0,18,643,112,96,135,960,857,314503.21300000005,2015,10,21,2017,4,21,2017,3,28,2016,7,15,0
846200,943560,3332993,13,3152.0,female,9,0,0,510,2533,3427,0.0,1.0,0.0,23,2902,615,429,608,8331,8671,2676880.5440000007,2007,2,13,2017,4,30,2017,3,31,2015,1,1,0
846283,943662,6575701,14,112.0,male,3,1,0,60,298,298,0.0,0.0,0.0,2,163,75,42,39,425,576,121514.603,2015,2,10,2017,3,7,2017,3,1,2015,2,10,1
846307,943687,5781146,13,116.0,male,9,0,0,815,4375,4376,0.074074074074074,0.2068965517241379,0.1034482758620689,29,3813,1207,1094,870,24207,20217,6780807.636999998,2014,11,11,2017,4,30,2017,3,31,2015,1,3,1
847059,944495,4387152,15,106.0,male,9,0,0,510,2533,3427,0.0,1.0,0.0,23,24,23,9,8,271,290,68613.44099999999,2010,8,17,2017,4,30,2015,4,26,2015,1,7,1
853021,951133,3534754,13,106.0,female,9,0,0,753,3725,3874,0.0,1.0,0.1538461538461538,26,4983,946,547,545,13300,16787,3396018.952000001,2007,8,12,2017,5,17,2017,3,30,2015,1,1,0
